Chromosome,Position,Nucleotide1,Nucleotide2,Sequence 1,Sequence 2
9,6764374,T,A,GTAGGGGCACAATCATGATAAAATCAAATCCCATACTCACCATGTGGGTGACCCACTAGCTGGAGAATAGTACCAAAGAAGCTCCCACAAATAAATAGTACCAAAAAAGCTTCACTATTGTGAAGGTTCTGAGCCCATAAGTCTTCCCAGCCTGGGGATCCAGCAAAGGAACTAAGAATCCTCAGTGAACCTGACTTTGAAGGCCAGCAAGATTTGATTACAGAACTTCCTCAGGACAGGGGGAAACATAGACTCCATTTGTGGAGGACACAAACAAAATCTTGTTGGTACCAGGACCCAGAGAAAAGGACAGTGACCCCACAGCAGACTAAACTAGACTTACCTGATAATGTTGGAAGGTCTCCAGAAGCATGGGTCAGCAGTGTGGCTTGCTCTGTGGACAGGGACACTGGAGGCATCAGTACTGGTAGATGCCCCTAAGCATAGGCCCTCTTGGAATCGCCATTAGCCCTACCATTGAGCTGGATCACCTCAGGCCAATCAGCTAAGAGGGTGGGAGCACAACCCCACCCATCTCCAGACAATTGCATTAAATTTTACTGAACACAGTCCTACCTACTAGAGCAAGACTCAGTTTTTCCCACCACCAGTTTCTTCCTCCCATCCAGAAGCTTACACAAACCTCTTAGCTTCATCCACTGAGGGCATACAGAAGAAGCAAGAGCTACAATCCCATAGCACTAGAATGAAAATCATATNNNNNNNNNNNNNNNNNNNNNNNNNNNNNNNNNNNNNNNNNNNNNNNNNNNNNNNNNNNNNNNNNNNNNNNNNNNNNNNNNNNNNNNNNNNNNNNNNNNNNNNNNNNNNNNNNNNNNNNNNNNNNNNNNNNNNNNNNNNNNNNNNNNNNNNTCTGAAAAAGAATGGAGAAGATGCAATGAAAGTTTNNNNNNNNNNNNNNNNNNNNNNNNNNNNNNNNNNNNNNNNNNNNNNNNNNNNNNNNNNNNNNNNNNNNNNNNNNNNNNNNNNNNNNNNNNNNNNNNNN,GTAGGGGCACAATCATGATAAAATCAAATCCCATACTCACCATGTGGGTGACCCACTAGCTGGAGAATAGTACCAAAGAAGCTCCCACAAATAAATAGTACCAAAAAAGCTTCACTATTGTGAAGGTTCTGAGCCCATAAGTCTTCCCAGCCTGGGGATCCAGCAAAGGAACTAAGAATCCTCAGTGAACCTGACTTTGAAGGCCAGCAAGATTTGATTACAGAACTTCCTCAGGACAGGGGGAAACATAGACTCCATTTGTGGAGGACACAAACAAAATCTTGTTGGTACCAGGACCCAGAGAAAAGGACAGTGACCCCACAGCAGACTAAACTAGACTTACCTGATAATGTTGGAAGGTCTCCAGAAGCATGGGTCAGCAGTGTGGCTTGCTCTGTGGACAGGGACACTGGAGGCATCAGTACTGGTAGATGCCCCTAAGCATAGGCCCTCTTGGAATCGCCATTAGCCCTACCATTGAGCTGGATCACCTCAGGCCAAACAGCTAAGAGGGTGGGAGCACAACCCCACCCATCTCCAGACAATTGCATTAAATTTTACTGAACACAGTCCTACCTACTAGAGCAAGACTCAGTTTTTCCCACCACCAGTTTCTTCCTCCCATCCAGAAGCTTACACAAACCTCTTAGCTTCATCCACTGAGGGCATACAGAAGAAGCAAGAGCTACAATCCCATAGCACTAGAATGAAAATCATATNNNNNNNNNNNNNNNNNNNNNNNNNNNNNNNNNNNNNNNNNNNNNNNNNNNNNNNNNNNNNNNNNNNNNNNNNNNNNNNNNNNNNNNNNNNNNNNNNNNNNNNNNNNNNNNNNNNNNNNNNNNNNNNNNNNNNNNNNNNNNNNNNNNNNNNTCTGAAAAAGAATGGAGAAGATGCAATGAAAGTTTNNNNNNNNNNNNNNNNNNNNNNNNNNNNNNNNNNNNNNNNNNNNNNNNNNNNNNNNNNNNNNNNNNNNNNNNNNNNNNNNNNNNNNNNNNNNNNNNNN
9,6764387,T,A,CATGATAAAATCAAATCCCATACTCACCATGTGGGTGACCCACTAGCTGGAGAATAGTACCAAAGAAGCTCCCACAAATAAATAGTACCAAAAAAGCTTCACTATTGTGAAGGTTCTGAGCCCATAAGTCTTCCCAGCCTGGGGATCCAGCAAAGGAACTAAGAATCCTCAGTGAACCTGACTTTGAAGGCCAGCAAGATTTGATTACAGAACTTCCTCAGGACAGGGGGAAACATAGACTCCATTTGTGGAGGACACAAACAAAATCTTGTTGGTACCAGGACCCAGAGAAAAGGACAGTGACCCCACAGCAGACTAAACTAGACTTACCTGATAATGTTGGAAGGTCTCCAGAAGCATGGGTCAGCAGTGTGGCTTGCTCTGTGGACAGGGACACTGGAGGCATCAGTACTGGTAGATGCCCCTAAGCATAGGCCCTCTTGGAATCGCCATTAGCCCTACCATTGAGCTGGATCACCTCAGGCCAATCAGCTAAGAGGGTGGGAGCACAACCCCACCCATCTCCAGACAATTGCATTAAATTTTACTGAACACAGTCCTACCTACTAGAGCAAGACTCAGTTTTTCCCACCACCAGTTTCTTCCTCCCATCCAGAAGCTTACACAAACCTCTTAGCTTCATCCACTGAGGGCATACAGAAGAAGCAAGAGCTACAATCCCATAGCACTAGAATGAAAATCATATNNNNNNNNNNNNNNNNNNNNNNNNNNNNNNNNNNNNNNNNNNNNNNNNNNNNNNNNNNNNNNNNNNNNNNNNNNNNNNNNNNNNNNNNNNNNNNNNNNNNNNNNNNNNNNNNNNNNNNNNNNNNNNNNNNNNNNNNNNNNNNNNNNNNNNNTCTGAAAAAGAATGGAGAAGATGCAATGAAAGTTTNNNNNNNNNNNNNNNNNNNNNNNNNNNNNNNNNNNNNNNNNNNNNNNNNNNNNNNNNNNNNNNNNNNNNNNNNNNNNNNNNNNNNNNNNNNNNNNNNNNNNNNNNNNNNNN,CATGATAAAATCAAATCCCATACTCACCATGTGGGTGACCCACTAGCTGGAGAATAGTACCAAAGAAGCTCCCACAAATAAATAGTACCAAAAAAGCTTCACTATTGTGAAGGTTCTGAGCCCATAAGTCTTCCCAGCCTGGGGATCCAGCAAAGGAACTAAGAATCCTCAGTGAACCTGACTTTGAAGGCCAGCAAGATTTGATTACAGAACTTCCTCAGGACAGGGGGAAACATAGACTCCATTTGTGGAGGACACAAACAAAATCTTGTTGGTACCAGGACCCAGAGAAAAGGACAGTGACCCCACAGCAGACTAAACTAGACTTACCTGATAATGTTGGAAGGTCTCCAGAAGCATGGGTCAGCAGTGTGGCTTGCTCTGTGGACAGGGACACTGGAGGCATCAGTACTGGTAGATGCCCCTAAGCATAGGCCCTCTTGGAATCGCCATTAGCCCTACCATTGAGCTGGATCACCTCAGGCCAATCAGCTAAGAGGGAGGGAGCACAACCCCACCCATCTCCAGACAATTGCATTAAATTTTACTGAACACAGTCCTACCTACTAGAGCAAGACTCAGTTTTTCCCACCACCAGTTTCTTCCTCCCATCCAGAAGCTTACACAAACCTCTTAGCTTCATCCACTGAGGGCATACAGAAGAAGCAAGAGCTACAATCCCATAGCACTAGAATGAAAATCATATNNNNNNNNNNNNNNNNNNNNNNNNNNNNNNNNNNNNNNNNNNNNNNNNNNNNNNNNNNNNNNNNNNNNNNNNNNNNNNNNNNNNNNNNNNNNNNNNNNNNNNNNNNNNNNNNNNNNNNNNNNNNNNNNNNNNNNNNNNNNNNNNNNNNNNNTCTGAAAAAGAATGGAGAAGATGCAATGAAAGTTTNNNNNNNNNNNNNNNNNNNNNNNNNNNNNNNNNNNNNNNNNNNNNNNNNNNNNNNNNNNNNNNNNNNNNNNNNNNNNNNNNNNNNNNNNNNNNNNNNNNNNNNNNNNNNNN
5,117811825,C,T,GAATGCCAGGCCGGCCAGCCTCACGCCCAGGCCAACTGTCCACGTGTGGTCAGGATCGCCAGGAGAACAAGAAGGGAGCTGGGGGGAAGGCTGTGGGTAACAGGAACCAAAACTGCAGTGACTCAGAACACATGGACGAGGGTCCTCAAAGAGTTCAACACAGCAGCCACGTGACCNNNNNNNNNNNNNNNNNNNNNNNNNNNNNNNNNNNNNNNNNNNNNNNNNNNNNNNNNNNNNNNNNNNNNNNNNNNNNNNNNNNNNNNNNNNNNNNNNNNNNNNNNNNNNNNNNNNNNNNNNNNNNNNNNNNNNNNNNNNNNNNNNNNNNNNNNNNNNNNNNNNNNNNNNNNNNNNNNNNNNNNNNNNNNNNNNNNNNNNNNNNNNNNNNNTCAGGGAGTACTGAGCTGGGGCCNNNNNNNNNNNNNNNNNNNNNNNNNNNNNNNNNNNNNNNNNNNNNNNNNNNNNNNNNNNNNNNNNNNNNNNNNNNNNNNNNNNNNNNNNNNNNNNNNNNNNNNNNNNNNNNNNNNNNNNNNNNNNNNNNNNNNNNNNNNNNNNNNNNNNNNNNNNNNNNNNNNNNNNNNNNNNNNNNNNNNNNNNNNNNNNNNNNNNNNNNNNNNNNNNNNNNNNNNNNNNNNNNNNNNNNNNNNNNNNNNNNNNNNNNNNNNNNNNNNNNNNNNNNNNNNNNNNNNNNNNNNNNNNNNNNNNNNNNNNNNNNNNNNNNNNNNNNNNNNNNNNNNNNNNNNNNNNNNNNNNNNNNNNNNNNNNNNNNNNNNNNNNNNNNNNNNNNNNNNNNNNNNNNNNNNNNNNNNNNNNNNNNNNNNNNNNNNNNNNNNNNNNNNNNNNNNNNNNNNNNNNNNNNNNNNNNNNNNNNNNNNNNNNNNNNNNNNNNNNNNNNNNNNNNNNNNNNNNNNNNNNNNNNNNNNNNNNNNNNNNNNNNNNNNNNNNNNNNNNNNNNNNNNNNNNNNNNTTGGATGGACACCCACCATTCACCTTCCCCGTTTTTTCT,GAATGCCAGGCCGGCCAGCCTCACGCCCAGGCCAACTGTCCACGTGTGGTCAGGATCGCCAGGAGAACAAGAAGGGAGCTGGGGGGAAGGCTGTGGGTAACAGGAACCAAAACTGCAGTGACTCAGAACACATGGACGAGGGTCCTCAAAGAGTTCAACACAGCAGCCACGTGACCNNNNNNNNNNNNNNNNNNNNNNNNNNNNNNNNNNNNNNNNNNNNNNNNNNNNNNNNNNNNNNNNNNNNNNNNNNNNNNNNNNNNNNNNNNNNNNNNNNNNNNNNNNNNNNNNNNNNNNNNNNNNNNNNNNNNNNNNNNNNNNNNNNNNNNNNNNNNNNNNNNNNNNNNNNNNNNNNNNNNNNNNNNNNNNNNNNNNNNNNNNNNNNNNNNTCAGGGAGTACTGAGCTGGGGCCNNNNNNNNNNNNNNNNNNNNNNNNNNNNNNNNNNNNNNNNNNNNNNNNNNNNNNNNNNNNNNNNNNNNNNNNNNNNNNNNNNNNNNNNNNNNTNNNNNNNNNNNNNNNNNNNNNNNNNNNNNNNNNNNNNNNNNNNNNNNNNNNNNNNNNNNNNNNNNNNNNNNNNNNNNNNNNNNNNNNNNNNNNNNNNNNNNNNNNNNNNNNNNNNNNNNNNNNNNNNNNNNNNNNNNNNNNNNNNNNNNNNNNNNNNNNNNNNNNNNNNNNNNNNNNNNNNNNNNNNNNNNNNNNNNNNNNNNNNNNNNNNNNNNNNNNNNNNNNNNNNNNNNNNNNNNNNNNNNNNNNNNNNNNNNNNNNNNNNNNNNNNNNNNNNNNNNNNNNNNNNNNNNNNNNNNNNNNNNNNNNNNNNNNNNNNNNNNNNNNNNNNNNNNNNNNNNNNNNNNNNNNNNNNNNNNNNNNNNNNNNNNNNNNNNNNNNNNNNNNNNNNNNNNNNNNNNNNNNNNNNNNNNNNNNNNNNNNNNNNNNNNNNNNNNNNNNNNNNNNNNNNNNNNNNNNNNNTTGGATGGACACCCACCATTCACCTTCCCCGTTTTTTCT
5,117811835,A,G,CCGGCCAGCCTCACGCCCAGGCCAACTGTCCACGTGTGGTCAGGATCGCCAGGAGAACAAGAAGGGAGCTGGGGGGAAGGCTGTGGGTAACAGGAACCAAAACTGCAGTGACTCAGAACACATGGACGAGGGTCCTCAAAGAGTTCAACACAGCAGCCACGTGACCNNNNNNNNNNNNNNNNNNNNNNNNNNNNNNNNNNNNNNNNNNNNNNNNNNNNNNNNNNNNNNNNNNNNNNNNNNNNNNNNNNNNNNNNNNNNNNNNNNNNNNNNNNNNNNNNNNNNNNNNNNNNNNNNNNNNNNNNNNNNNNNNNNNNNNNNNNNNNNNNNNNNNNNNNNNNNNNNNNNNNNNNNNNNNNNNNNNNNNNNNNNNNNNNNNTCAGGGAGTACTGAGCTGGGGCCNNNNNNNNNNNNNNNNNNNNNNNNNNNNNNNNNNNNNNNNNNNNNNNNNNNNNNNNNNNNNNNNNNNNNNNNNNNNNNNNNNNNNNNNNNNNNNNNNNNNNNNNNNNNNNNNNNNNNNNNNNNNNNNNNNNNNNNNNNNNNNNNNNNNNNNNNNNNNNNNNNNNNNNNNNNNNNNNNNNNNNNNNNNNNNNNNNNNNNNNNNNNNNNNNNNNNNNNNNNNNNNNNNNNNNNNNNNNNNNNNNNNNNNNNNNNNNNNNNNNNNNNNNNNNNNNNNNNNNNNNNNNNNNNNNNNNNNNNNNNNNNNNNNNNNNNNNNNNNNNNNNNNNNNNNNNNNNNNNNNNNNNNNNNNNNNNNNNNNNNNNNNNNNNNNNNNNNNNNNNNNNNNNNNNNNNNNNNNNNNNNNNNNNNNNNNNNNNNNNNNNNNNNNNNNNNNNNNNNNNNNNNNNNNNNNNNNNNNNNNNNNNNNNNNNNNNNNNNNNNNNNNNNNNNNNNNNNNNNNNNNNNNNNNNNNNNNNNNNNNNNNNNNNNNNNNNNNNNNNNNNNNNNNNNNNNNNNTTGGATGGACACCCACCATTCACCTTCCCCGTTTTTTCTATCTGTCAAA,CCGGCCAGCCTCACGCCCAGGCCAACTGTCCACGTGTGGTCAGGATCGCCAGGAGAACAAGAAGGGAGCTGGGGGGAAGGCTGTGGGTAACAGGAACCAAAACTGCAGTGACTCAGAACACATGGACGAGGGTCCTCAAAGAGTTCAACACAGCAGCCACGTGACCNNNNNNNNNNNNNNNNNNNNNNNNNNNNNNNNNNNNNNNNNNNNNNNNNNNNNNNNNNNNNNNNNNNNNNNNNNNNNNNNNNNNNNNNNNNNNNNNNNNNNNNNNNNNNNNNNNNNNNNNNNNNNNNNNNNNNNNNNNNNNNNNNNNNNNNNNNNNNNNNNNNNNNNNNNNNNNNNNNNNNNNNNNNNNNNNNNNNNNNNNNNNNNNNNNTCAGGGAGTACTGAGCTGGGGCCNNNNNNNNNNNNNNNNNNNNNNNNNNNNNNNNNNNNNNNNNNNNNNNNNNNNNNNNNNNNNNNNNNNNNNNNNNNNNNNNNNNNNNNNNNNNNNNNNNNNNNGNNNNNNNNNNNNNNNNNNNNNNNNNNNNNNNNNNNNNNNNNNNNNNNNNNNNNNNNNNNNNNNNNNNNNNNNNNNNNNNNNNNNNNNNNNNNNNNNNNNNNNNNNNNNNNNNNNNNNNNNNNNNNNNNNNNNNNNNNNNNNNNNNNNNNNNNNNNNNNNNNNNNNNNNNNNNNNNNNNNNNNNNNNNNNNNNNNNNNNNNNNNNNNNNNNNNNNNNNNNNNNNNNNNNNNNNNNNNNNNNNNNNNNNNNNNNNNNNNNNNNNNNNNNNNNNNNNNNNNNNNNNNNNNNNNNNNNNNNNNNNNNNNNNNNNNNNNNNNNNNNNNNNNNNNNNNNNNNNNNNNNNNNNNNNNNNNNNNNNNNNNNNNNNNNNNNNNNNNNNNNNNNNNNNNNNNNNNNNNNNNNNNNNNNNNNNNNNNNNNNNNNNNNNNNNNNNNNNNNNNNNNNNNNNNNNNTTGGATGGACACCCACCATTCACCTTCCCCGTTTTTTCTATCTGTCAAA
5,117812030,C,A,NNNNNNNNNNNNNNNNNNNNNNNNNNNNNNNNNNNNNNNNNNNNNNNNNNNNNNNNNNNNNNNNNNNNNNNNNNNNNNNNNNNNNNNNNNNNNNNNNNNNNNNNNNNNNNNNNNNNNNNNNNNNNNNNNNNNNNNNNNNNNNNNNNNNNNNNNNNNNNNNNNNNNNNNNNNNNNNNNNNNNTCAGGGAGTACTGAGCTGGGGCCNNNNNNNNNNNNNNNNNNNNNNNNNNNNNNNNNNNNNNNNNNNNNNNNNNNNNNNNNNNNNNNNNNNNNNNNNNNNNNNNNNNNNNNNNNNNNNNNNNNNNNNNNNNNNNNNNNNNNNNNNNNNNNNNNNNNNNNNNNNNNNNNNNNNNNNNNNNNNNNNNNNNNNNNNNNNNNNNNNNNNNNNNNNNNNNNNNNNNNNNNNNNNNNNNNNNNNNNNNNNNNNNNNNNNNNNNNNNNNNNNNNNNNNNNNNNNNNNNNNNNNNNNNNNNNNNNNNNNNNNNNNNNNNNNNNNNNNNNNNNNNNNNNNNNNNNNNNNNNNNNNNNNNNNNNNNNNNNNNNNNNNNNNNNNNNNNNNNNNNNNNNNNNNNNNNNNNNNNNNNNNNNNNNNNNNNNNNNNNNNNNNNNNNNNNNNNNNNNNNNNNNNNNNNNNNNNNNNNNNNNNNNNNNNNNNNNNNNNNNNNNNNNNNNNNNNNNNNNNNNNNNNNNNNNNNNNNNNNNNNNNNNNNNNNNNNNNNNNNNNNNNNNNNNNNNNNNNNNNNNNNNNNNNNNNNNNNNTTGGATGGACACCCACCATTCACCTTCCCCGTTTTTTCTATCTGTCAAACGAGGATAAACTGCATCCCAAAGCCTTCCTAGAGAGACTCACAAGCAATTACAGGCAGAAAGAGCAGCGAGCGTTCTCCATCAGGCTTGGGAAGTGTGTGTGTCGACACAGTCAGCCTGACTTGGGGGTTTGGGAGGAACAAAGGCCCCAGCAAGGGTGTCTGATCTGGGCTCAGCTCATCCATCTTGGTCGAGG,NNNNNNNNNNNNNNNNNNNNNNNNNNNNNNNNNNNNNNNNNNNNNNNNNNNNNNNNNNNNNNNNNNNNNNNNNNNNNNNNNNNNNNNNNNNNNNNNNNNNNNNNNNNNNNNNNNNNNNNNNNNNNNNNNNNNNNNNNNNNNNNNNNNNNNNNNNNNNNNNNNNNNNNNNNNNNNNNNNNNNTCAGGGAGTACTGAGCTGGGGCCNNNNNNNNNNNNNNNNNNNNNNNNNNNNNNNNNNNNNNNNNNNNNNNNNNNNNNNNNNNNNNNNNNNNNNNNNNNNNNNNNNNNNNNNNNNNNNNNNNNNNNNNNNNNNNNNNNNNNNNNNNNNNNNNNNNNNNNNNNNNNNNNNNNNNNNNNNNNNNNNNNNNNNNNNNNNNNNNNNNNNNNNNNNNNNNNNNNNNNNNNNNNNNNNNNNNNNNNNNNNNNNNNNNNNNNNNNNNNNNNNNNNNNNNNNNNNNNNNNNNNNNNNNNNNNNNNNNNNNNNNNNNNNNNNNNNNNNNNANNNNNNNNNNNNNNNNNNNNNNNNNNNNNNNNNNNNNNNNNNNNNNNNNNNNNNNNNNNNNNNNNNNNNNNNNNNNNNNNNNNNNNNNNNNNNNNNNNNNNNNNNNNNNNNNNNNNNNNNNNNNNNNNNNNNNNNNNNNNNNNNNNNNNNNNNNNNNNNNNNNNNNNNNNNNNNNNNNNNNNNNNNNNNNNNNNNNNNNNNNNNNNNNNNNNNNNNNNNNNNNNNNNNNNNNNNNNNNNNNNNNNNNNNNNNNNNNNTTGGATGGACACCCACCATTCACCTTCCCCGTTTTTTCTATCTGTCAAACGAGGATAAACTGCATCCCAAAGCCTTCCTAGAGAGACTCACAAGCAATTACAGGCAGAAAGAGCAGCGAGCGTTCTCCATCAGGCTTGGGAAGTGTGTGTGTCGACACAGTCAGCCTGACTTGGGGGTTTGGGAGGAACAAAGGCCCCAGCAAGGGTGTCTGATCTGGGCTCAGCTCATCCATCTTGGTCGAGG
5,117812254,T,A,NNNNNNNNNNNNNNNNNNNNNNNNNNNNNNNNNNNNNNNNNNNNNNNNNNNNNNNNNNNNNNNNNNNNNNNNNNNNNNNNNNNNNNNNNNNNNNNNNNNNNNNNNNNNNNNNNNNNNNNNNNNNNNNNNNNNNNNNNNNNNNNNNNNNNNNNNNNNNNNNNNNNNNNNNNNNNNNNNNNNNNNNNNNNNNNNNNNNNNNNNNNNNNNNNNNNNNNNNNNNNNNNNNNNNNNNNNNNNNNNNNNNNNNNNNNNNNNNNNNNNNNNNNNNNNNNNNNNNNNNNNNNNNNNNNNNNNNNNNNNNNNNNNNNNNNNNNNNNNNNNNNNNNNNNNNNNNNNNNNNNNNNNNNNNNNNNNNNNNNNNNNNNNNNNNNNNNNNNNNNNNNNNNNNNNNNNNNNNNNNNNNNNNNNNNNNNNNNNNNNNNNNNNNNNNNNNNNNNNNNNNNNNNNNNNNNNNNNNNNNNNNNNNNNNNNNNNNNNNNNNNNNNNNNNNNNNNNNNNNNNNNNNNNNNNNNNNNNNNNNNNNNNNNNNNNNNNNTTGGATGGACACCCACCATTCACCTTCCCCGTTTTTTCTATCTGTCAAACGAGGATAAACTGCATCCCAAAGCCTTCCTAGAGAGACTCACAAGCAATTACAGGCAGAAAGAGCAGCGAGCGTTCTCCATCAGGCTTGGGAAGTGTGTGTGTCGACACAGTCAGCCTGACTTGGGGGTTTGGGAGGAACAAAGGCCCCAGCAAGGGTGTCTGATCTGGGCTCAGCTCATCCATCTTGGTCGAGGGAAGACAAAGCATGGCTGGATGGCTGGTGGGGGGGAGGAATCAGGACAATCGTGAGGCGGCGACGGCGCCTGGCTCAGGCGCACACGGCCAGCCGCGCGTTGGCAGGAGGGACTGTGATGCGAGCGGTTCACCCGAGCATTCAGGGCGAGACTGGGGCTGGGGAGGAGAAGGCATGCAAGGCTCTGTGGGCACAGAGGGGAGGAGCAAAGAACAGACAGCAAGG,NNNNNNNNNNNNNNNNNNNNNNNNNNNNNNNNNNNNNNNNNNNNNNNNNNNNNNNNNNNNNNNNNNNNNNNNNNNNNNNNNNNNNNNNNNNNNNNNNNNNNNNNNNNNNNNNNNNNNNNNNNNNNNNNNNNNNNNNNNNNNNNNNNNNNNNNNNNNNNNNNNNNNNNNNNNNNNNNNNNNNNNNNNNNNNNNNNNNNNNNNNNNNNNNNNNNNNNNNNNNNNNNNNNNNNNNNNNNNNNNNNNNNNNNNNNNNNNNNNNNNNNNNNNNNNNNNNNNNNNNNNNNNNNNNNNNNNNNNNNNNNNNNNNNNNNNNNNNNNNNNNNNNNNNNNNNNNNNNNNNNNNNNNNNNNNNNNNNNNNNNNNNNNNNNNNNNNNNNNNNNNNNNNNNNNNNNNNNNNNNNNNNNNNNNNNNNNNNNNNNNNNNNNNNNNNNNNNNNNNNNNNNNNNNNNNNNNNNNNNNNNNNNNNNNNNNNNNNNNNNNNNNNNNNNNNNNNNNNNNNNANNNNNNNNNNNNNNNNNNNNNNNNNNNNNNNNNTTGGATGGACACCCACCATTCACCTTCCCCGTTTTTTCTATCTGTCAAACGAGGATAAACTGCATCCCAAAGCCTTCCTAGAGAGACTCACAAGCAATTACAGGCAGAAAGAGCAGCGAGCGTTCTCCATCAGGCTTGGGAAGTGTGTGTGTCGACACAGTCAGCCTGACTTGGGGGTTTGGGAGGAACAAAGGCCCCAGCAAGGGTGTCTGATCTGGGCTCAGCTCATCCATCTTGGTCGAGGGAAGACAAAGCATGGCTGGATGGCTGGTGGGGGGGAGGAATCAGGACAATCGTGAGGCGGCGACGGCGCCTGGCTCAGGCGCACACGGCCAGCCGCGCGTTGGCAGGAGGGACTGTGATGCGAGCGGTTCACCCGAGCATTCAGGGCGAGACTGGGGCTGGGGAGGAGAAGGCATGCAAGGCTCTGTGGGCACAGAGGGGAGGAGCAAAGAACAGACAGCAAGG
5,117812263,C,T,NNNNNNNNNNNNNNNNNNNNNNNNNNNNNNNNNNNNNNNNNNNNNNNNNNNNNNNNNNNNNNNNNNNNNNNNNNNNNNNNNNNNNNNNNNNNNNNNNNNNNNNNNNNNNNNNNNNNNNNNNNNNNNNNNNNNNNNNNNNNNNNNNNNNNNNNNNNNNNNNNNNNNNNNNNNNNNNNNNNNNNNNNNNNNNNNNNNNNNNNNNNNNNNNNNNNNNNNNNNNNNNNNNNNNNNNNNNNNNNNNNNNNNNNNNNNNNNNNNNNNNNNNNNNNNNNNNNNNNNNNNNNNNNNNNNNNNNNNNNNNNNNNNNNNNNNNNNNNNNNNNNNNNNNNNNNNNNNNNNNNNNNNNNNNNNNNNNNNNNNNNNNNNNNNNNNNNNNNNNNNNNNNNNNNNNNNNNNNNNNNNNNNNNNNNNNNNNNNNNNNNNNNNNNNNNNNNNNNNNNNNNNNNNNNNNNNNNNNNNNNNNNNNNNNNNNNNNNNNNNNNNNNNNNNNNNNNNNNNNNNNNNNNNNNNNNNNNNNNNNNNNNNNTTGGATGGACACCCACCATTCACCTTCCCCGTTTTTTCTATCTGTCAAACGAGGATAAACTGCATCCCAAAGCCTTCCTAGAGAGACTCACAAGCAATTACAGGCAGAAAGAGCAGCGAGCGTTCTCCATCAGGCTTGGGAAGTGTGTGTGTCGACACAGTCAGCCTGACTTGGGGGTTTGGGAGGAACAAAGGCCCCAGCAAGGGTGTCTGATCTGGGCTCAGCTCATCCATCTTGGTCGAGGGAAGACAAAGCATGGCTGGATGGCTGGTGGGGGGGAGGAATCAGGACAATCGTGAGGCGGCGACGGCGCCTGGCTCAGGCGCACACGGCCAGCCGCGCGTTGGCAGGAGGGACTGTGATGCGAGCGGTTCACCCGAGCATTCAGGGCGAGACTGGGGCTGGGGAGGAGAAGGCATGCAAGGCTCTGTGGGCACAGAGGGGAGGAGCAAAGAACAGACAGCAAGGCGAAAGGAG,NNNNNNNNNNNNNNNNNNNNNNNNNNNNNNNNNNNNNNNNNNNNNNNNNNNNNNNNNNNNNNNNNNNNNNNNNNNNNNNNNNNNNNNNNNNNNNNNNNNNNNNNNNNNNNNNNNNNNNNNNNNNNNNNNNNNNNNNNNNNNNNNNNNNNNNNNNNNNNNNNNNNNNNNNNNNNNNNNNNNNNNNNNNNNNNNNNNNNNNNNNNNNNNNNNNNNNNNNNNNNNNNNNNNNNNNNNNNNNNNNNNNNNNNNNNNNNNNNNNNNNNNNNNNNNNNNNNNNNNNNNNNNNNNNNNNNNNNNNNNNNNNNNNNNNNNNNNNNNNNNNNNNNNNNNNNNNNNNNNNNNNNNNNNNNNNNNNNNNNNNNNNNNNNNNNNNNNNNNNNNNNNNNNNNNNNNNNNNNNNNNNNNNNNNNNNNNNNNNNNNNNNNNNNNNNNNNNNNNNNNNNNNNNNNNNNNNNNNNNNNNNNNNNNNNNNNNNNNNNNNNNNNNNNNNNNNNNNNNNNNTNNNNNNNNNNNNNNNNNNNNNNNNTTGGATGGACACCCACCATTCACCTTCCCCGTTTTTTCTATCTGTCAAACGAGGATAAACTGCATCCCAAAGCCTTCCTAGAGAGACTCACAAGCAATTACAGGCAGAAAGAGCAGCGAGCGTTCTCCATCAGGCTTGGGAAGTGTGTGTGTCGACACAGTCAGCCTGACTTGGGGGTTTGGGAGGAACAAAGGCCCCAGCAAGGGTGTCTGATCTGGGCTCAGCTCATCCATCTTGGTCGAGGGAAGACAAAGCATGGCTGGATGGCTGGTGGGGGGGAGGAATCAGGACAATCGTGAGGCGGCGACGGCGCCTGGCTCAGGCGCACACGGCCAGCCGCGCGTTGGCAGGAGGGACTGTGATGCGAGCGGTTCACCCGAGCATTCAGGGCGAGACTGGGGCTGGGGAGGAGAAGGCATGCAAGGCTCTGTGGGCACAGAGGGGAGGAGCAAAGAACAGACAGCAAGGCGAAAGGAG
5,117812359,G,A,NNNNNNNNNNNNNNNNNNNNNNNNNNNNNNNNNNNNNNNNNNNNNNNNNNNNNNNNNNNNNNNNNNNNNNNNNNNNNNNNNNNNNNNNNNNNNNNNNNNNNNNNNNNNNNNNNNNNNNNNNNNNNNNNNNNNNNNNNNNNNNNNNNNNNNNNNNNNNNNNNNNNNNNNNNNNNNNNNNNNNNNNNNNNNNNNNNNNNNNNNNNNNNNNNNNNNNNNNNNNNNNNNNNNNNNNNNNNNNNNNNNNNNNNNNNNNNNNNNNNNNNNNNNNNNNNNNNNNNNNNNNNNNNNNNNNNNNNNNNNNNNNNNNNNNNNNNNNNNNNNNNNNNNNNNNNNNNNNNNNNNNNNNNNNNNNNNNNNNNNNNNNNNNNNNNNNNNNNNNNNNNNNNNNNNNNNNNNNNNNNNNNNNNNNNNNNNNNNNNNNNNNNNNNNNTTGGATGGACACCCACCATTCACCTTCCCCGTTTTTTCTATCTGTCAAACGAGGATAAACTGCATCCCAAAGCCTTCCTAGAGAGACTCACAAGCAATTACAGGCAGAAAGAGCAGCGAGCGTTCTCCATCAGGCTTGGGAAGTGTGTGTGTCGACACAGTCAGCCTGACTTGGGGGTTTGGGAGGAACAAAGGCCCCAGCAAGGGTGTCTGATCTGGGCTCAGCTCATCCATCTTGGTCGAGGGAAGACAAAGCATGGCTGGATGGCTGGTGGGGGGGAGGAATCAGGACAATCGTGAGGCGGCGACGGCGCCTGGCTCAGGCGCACACGGCCAGCCGCGCGTTGGCAGGAGGGACTGTGATGCGAGCGGTTCACCCGAGCATTCAGGGCGAGACTGGGGCTGGGGAGGAGAAGGCATGCAAGGCTCTGTGGGCACAGAGGGGAGGAGCAAAGAACAGACAGCAAGGCGAAAGGAGCTGCCCCTTCACATCTTCAAGATGAATTTTTAAAGTTTGTGCAAGAGAAAAAGACGGCCAGGAATAAAGGGGCCACGTGGCAGGACATAAGTCACC,NNNNNNNNNNNNNNNNNNNNNNNNNNNNNNNNNNNNNNNNNNNNNNNNNNNNNNNNNNNNNNNNNNNNNNNNNNNNNNNNNNNNNNNNNNNNNNNNNNNNNNNNNNNNNNNNNNNNNNNNNNNNNNNNNNNNNNNNNNNNNNNNNNNNNNNNNNNNNNNNNNNNNNNNNNNNNNNNNNNNNNNNNNNNNNNNNNNNNNNNNNNNNNNNNNNNNNNNNNNNNNNNNNNNNNNNNNNNNNNNNNNNNNNNNNNNNNNNNNNNNNNNNNNNNNNNNNNNNNNNNNNNNNNNNNNNNNNNNNNNNNNNNNNNNNNNNNNNNNNNNNNNNNNNNNNNNNNNNNNNNNNNNNNNNNNNNNNNNNNNNNNNNNNNNNNNNNNNNNNNNNNNNNNNNNNNNNNNNNNNNNNNNNNNNNNNNNNNNNNNNNNNNNNNNNTTGGATGGACACCCACCATTCACCTTCCCCGTTTTTTCTATCTGTCAAACGAGGATAAACTGCATCCCAAAACCTTCCTAGAGAGACTCACAAGCAATTACAGGCAGAAAGAGCAGCGAGCGTTCTCCATCAGGCTTGGGAAGTGTGTGTGTCGACACAGTCAGCCTGACTTGGGGGTTTGGGAGGAACAAAGGCCCCAGCAAGGGTGTCTGATCTGGGCTCAGCTCATCCATCTTGGTCGAGGGAAGACAAAGCATGGCTGGATGGCTGGTGGGGGGGAGGAATCAGGACAATCGTGAGGCGGCGACGGCGCCTGGCTCAGGCGCACACGGCCAGCCGCGCGTTGGCAGGAGGGACTGTGATGCGAGCGGTTCACCCGAGCATTCAGGGCGAGACTGGGGCTGGGGAGGAGAAGGCATGCAAGGCTCTGTGGGCACAGAGGGGAGGAGCAAAGAACAGACAGCAAGGCGAAAGGAGCTGCCCCTTCACATCTTCAAGATGAATTTTTAAAGTTTGTGCAAGAGAAAAAGACGGCCAGGAATAAAGGGGCCACGTGGCAGGACATAAGTCACC
5,117812596,G,A,NNNNNNNNNNNNNNNNNNNNNNNNNNNNNNNNNNNNNNNNNNNNNNNNNNNNNNNNNNNNNNNNNNNNNNNNNNNNNNNNNNNNNNNNNNNNNNNNNNNNNNNNNNNNNNNNNNNNNNNNNNNNNNNNNNNNNNNNNNNNNNNNNNNNNNNNNNNNNNNNNNNNNNNNNNNNNNNNNNNNNNNNNNNNNNNNNTTGGATGGACACCCACCATTCACCTTCCCCGTTTTTTCTATCTGTCAAACGAGGATAAACTGCATCCCAAAGCCTTCCTAGAGAGACTCACAAGCAATTACAGGCAGAAAGAGCAGCGAGCGTTCTCCATCAGGCTTGGGAAGTGTGTGTGTCGACACAGTCAGCCTGACTTGGGGGTTTGGGAGGAACAAAGGCCCCAGCAAGGGTGTCTGATCTGGGCTCAGCTCATCCATCTTGGTCGAGGGAAGACAAAGCATGGCTGGATGGCTGGTGGGGGGGAGGAATCAGGACAATCGTGAGGCGGCGACGGCGCCTGGCTCAGGCGCACACGGCCAGCCGCGCGTTGGCAGGAGGGACTGTGATGCGAGCGGTTCACCCGAGCATTCAGGGCGAGACTGGGGCTGGGGAGGAGAAGGCATGCAAGGCTCTGTGGGCACAGAGGGGAGGAGCAAAGAACAGACAGCAAGGCGAAAGGAGCTGCCCCTTCACATCTTCAAGATGAATTTTTAAAGTTTGTGCAAGAGAAAAAGACGGCCAGGAATAAAGGGGCCACGTGGCAGGACATAAGTCACCTTACTTCTCAAGCGAAAGGGGCTCCGGGCACAGGACAGGTAAAGGCCCGAGCCCTGACATTCCCTCCTCCTCCTGGGGCCTGGCCCCAGGGGGCAGCTATCCCAGTCGGGGGATCCCTGCCCTTTTCTCACCCCGAGCCCCACCCCACAGCGGCCTGGCGTGGACACCCAGGGGCCGAGGGGACACAGCATACGATCCAAGAGCTGGAGGCCCAGGCCAGCCAGCAGGGCCTGAAGA,NNNNNNNNNNNNNNNNNNNNNNNNNNNNNNNNNNNNNNNNNNNNNNNNNNNNNNNNNNNNNNNNNNNNNNNNNNNNNNNNNNNNNNNNNNNNNNNNNNNNNNNNNNNNNNNNNNNNNNNNNNNNNNNNNNNNNNNNNNNNNNNNNNNNNNNNNNNNNNNNNNNNNNNNNNNNNNNNNNNNNNNNNNNNNNNNNTTGGATGGACACCCACCATTCACCTTCCCCGTTTTTTCTATCTGTCAAACGAGGATAAACTGCATCCCAAAGCCTTCCTAGAGAGACTCACAAGCAATTACAGGCAGAAAGAGCAGCGAGCGTTCTCCATCAGGCTTGGGAAGTGTGTGTGTCGACACAGTCAGCCTGACTTGGGGGTTTGGGAGGAACAAAGGCCCCAGCAAGGGTGTCTGATCTGGGCTCAGCTCATCCATCTTGGTCGAGGGAAGACAAAGCATGGCTGGATGGCTGGTGGGGGGGAGGAATCAGGACAATCGTGAGGCGGCGACAGCGCCTGGCTCAGGCGCACACGGCCAGCCGCGCGTTGGCAGGAGGGACTGTGATGCGAGCGGTTCACCCGAGCATTCAGGGCGAGACTGGGGCTGGGGAGGAGAAGGCATGCAAGGCTCTGTGGGCACAGAGGGGAGGAGCAAAGAACAGACAGCAAGGCGAAAGGAGCTGCCCCTTCACATCTTCAAGATGAATTTTTAAAGTTTGTGCAAGAGAAAAAGACGGCCAGGAATAAAGGGGCCACGTGGCAGGACATAAGTCACCTTACTTCTCAAGCGAAAGGGGCTCCGGGCACAGGACAGGTAAAGGCCCGAGCCCTGACATTCCCTCCTCCTCCTGGGGCCTGGCCCCAGGGGGCAGCTATCCCAGTCGGGGGATCCCTGCCCTTTTCTCACCCCGAGCCCCACCCCACAGCGGCCTGGCGTGGACACCCAGGGGCCGAGGGGACACAGCATACGATCCAAGAGCTGGAGGCCCAGGCCAGCCAGCAGGGCCTGAAGA
5,117812656,C,T,NNNNNNNNNNNNNNNNNNNNNNNNNNNNNNNNNNNNNNNNNNNNNNNNNNNNNNNNNNNNNNNNNNNNNNNNNNNNNNNNNNNNNNNNNNNNNNNNNNNNNNNNNNNNNNNNNNNNNNNNNNNNNNNNNNNNNTTGGATGGACACCCACCATTCACCTTCCCCGTTTTTTCTATCTGTCAAACGAGGATAAACTGCATCCCAAAGCCTTCCTAGAGAGACTCACAAGCAATTACAGGCAGAAAGAGCAGCGAGCGTTCTCCATCAGGCTTGGGAAGTGTGTGTGTCGACACAGTCAGCCTGACTTGGGGGTTTGGGAGGAACAAAGGCCCCAGCAAGGGTGTCTGATCTGGGCTCAGCTCATCCATCTTGGTCGAGGGAAGACAAAGCATGGCTGGATGGCTGGTGGGGGGGAGGAATCAGGACAATCGTGAGGCGGCGACGGCGCCTGGCTCAGGCGCACACGGCCAGCCGCGCGTTGGCAGGAGGGACTGTGATGCGAGCGGTTCACCCGAGCATTCAGGGCGAGACTGGGGCTGGGGAGGAGAAGGCATGCAAGGCTCTGTGGGCACAGAGGGGAGGAGCAAAGAACAGACAGCAAGGCGAAAGGAGCTGCCCCTTCACATCTTCAAGATGAATTTTTAAAGTTTGTGCAAGAGAAAAAGACGGCCAGGAATAAAGGGGCCACGTGGCAGGACATAAGTCACCTTACTTCTCAAGCGAAAGGGGCTCCGGGCACAGGACAGGTAAAGGCCCGAGCCCTGACATTCCCTCCTCCTCCTGGGGCCTGGCCCCAGGGGGCAGCTATCCCAGTCGGGGGATCCCTGCCCTTTTCTCACCCCGAGCCCCACCCCACAGCGGCCTGGCGTGGACACCCAGGGGCCGAGGGGACACAGCATACGATCCAAGAGCTGGAGGCCCAGGCCAGCCAGCAGGGCCTGAAGAAGGGGCAGACTACACTGCTCAGTGCCCACAGGCTGCCCCGAGCAGAGCCCACCACGGGCA,NNNNNNNNNNNNNNNNNNNNNNNNNNNNNNNNNNNNNNNNNNNNNNNNNNNNNNNNNNNNNNNNNNNNNNNNNNNNNNNNNNNNNNNNNNNNNNNNNNNNNNNNNNNNNNNNNNNNNNNNNNNNNNNNNNNNNTTGGATGGACACCCACCATTCACCTTCCCCGTTTTTTCTATCTGTCAAACGAGGATAAACTGCATCCCAAAGCCTTCCTAGAGAGACTCACAAGCAATTACAGGCAGAAAGAGCAGCGAGCGTTCTCCATCAGGCTTGGGAAGTGTGTGTGTCGACACAGTCAGCCTGACTTGGGGGTTTGGGAGGAACAAAGGCCCCAGCAAGGGTGTCTGATCTGGGCTCAGCTCATCCATCTTGGTCGAGGGAAGACAAAGCATGGCTGGATGGCTGGTGGGGGGGAGGAATCAGGACAATCGTGAGGCGGCGACGGCGCCTGGCTCAGGCGCACACGGCCAGCCGCGCGTTGGCAGGAGGGACTGTGATGCGAGTGGTTCACCCGAGCATTCAGGGCGAGACTGGGGCTGGGGAGGAGAAGGCATGCAAGGCTCTGTGGGCACAGAGGGGAGGAGCAAAGAACAGACAGCAAGGCGAAAGGAGCTGCCCCTTCACATCTTCAAGATGAATTTTTAAAGTTTGTGCAAGAGAAAAAGACGGCCAGGAATAAAGGGGCCACGTGGCAGGACATAAGTCACCTTACTTCTCAAGCGAAAGGGGCTCCGGGCACAGGACAGGTAAAGGCCCGAGCCCTGACATTCCCTCCTCCTCCTGGGGCCTGGCCCCAGGGGGCAGCTATCCCAGTCGGGGGATCCCTGCCCTTTTCTCACCCCGAGCCCCACCCCACAGCGGCCTGGCGTGGACACCCAGGGGCCGAGGGGACACAGCATACGATCCAAGAGCTGGAGGCCCAGGCCAGCCAGCAGGGCCTGAAGAAGGGGCAGACTACACTGCTCAGTGCCCACAGGCTGCCCCGAGCAGAGCCCACCACGGGCA
5,117812672,T,C,NNNNNNNNNNNNNNNNNNNNNNNNNNNNNNNNNNNNNNNNNNNNNNNNNNNNNNNNNNNNNNNNNNNNNNNNNNNNNNNNNNNNNNNNNNNNNNNNNNNNNNNNNNNNNNNNNNNNNTTGGATGGACACCCACCATTCACCTTCCCCGTTTTTTCTATCTGTCAAACGAGGATAAACTGCATCCCAAAGCCTTCCTAGAGAGACTCACAAGCAATTACAGGCAGAAAGAGCAGCGAGCGTTCTCCATCAGGCTTGGGAAGTGTGTGTGTCGACACAGTCAGCCTGACTTGGGGGTTTGGGAGGAACAAAGGCCCCAGCAAGGGTGTCTGATCTGGGCTCAGCTCATCCATCTTGGTCGAGGGAAGACAAAGCATGGCTGGATGGCTGGTGGGGGGGAGGAATCAGGACAATCGTGAGGCGGCGACGGCGCCTGGCTCAGGCGCACACGGCCAGCCGCGCGTTGGCAGGAGGGACTGTGATGCGAGCGGTTCACCCGAGCATTCAGGGCGAGACTGGGGCTGGGGAGGAGAAGGCATGCAAGGCTCTGTGGGCACAGAGGGGAGGAGCAAAGAACAGACAGCAAGGCGAAAGGAGCTGCCCCTTCACATCTTCAAGATGAATTTTTAAAGTTTGTGCAAGAGAAAAAGACGGCCAGGAATAAAGGGGCCACGTGGCAGGACATAAGTCACCTTACTTCTCAAGCGAAAGGGGCTCCGGGCACAGGACAGGTAAAGGCCCGAGCCCTGACATTCCCTCCTCCTCCTGGGGCCTGGCCCCAGGGGGCAGCTATCCCAGTCGGGGGATCCCTGCCCTTTTCTCACCCCGAGCCCCACCCCACAGCGGCCTGGCGTGGACACCCAGGGGCCGAGGGGACACAGCATACGATCCAAGAGCTGGAGGCCCAGGCCAGCCAGCAGGGCCTGAAGAAGGGGCAGACTACACTGCTCAGTGCCCACAGGCTGCCCCGAGCAGAGCCCACCACGGGCAGGCGGGATCGGGGCCA,NNNNNNNNNNNNNNNNNNNNNNNNNNNNNNNNNNNNNNNNNNNNNNNNNNNNNNNNNNNNNNNNNNNNNNNNNNNNNNNNNNNNNNNNNNNNNNNNNNNNNNNNNNNNNNNNNNNNNTTGGATGGACACCCACCATTCACCTTCCCCGTTTTTTCTATCTGTCAAACGAGGATAAACTGCATCCCAAAGCCTTCCTAGAGAGACTCACAAGCAATTACAGGCAGAAAGAGCAGCGAGCGTTCTCCATCAGGCTTGGGAAGTGTGTGTGTCGACACAGTCAGCCTGACTTGGGGGTTTGGGAGGAACAAAGGCCCCAGCAAGGGTGTCTGATCTGGGCTCAGCTCATCCATCTTGGTCGAGGGAAGACAAAGCATGGCTGGATGGCTGGTGGGGGGGAGGAATCAGGACAATCGTGAGGCGGCGACGGCGCCTGGCTCAGGCGCACACGGCCAGCCGCGCGTTGGCAGGAGGGACTGTGATGCGAGCGGTTCACCCGAGCATCCAGGGCGAGACTGGGGCTGGGGAGGAGAAGGCATGCAAGGCTCTGTGGGCACAGAGGGGAGGAGCAAAGAACAGACAGCAAGGCGAAAGGAGCTGCCCCTTCACATCTTCAAGATGAATTTTTAAAGTTTGTGCAAGAGAAAAAGACGGCCAGGAATAAAGGGGCCACGTGGCAGGACATAAGTCACCTTACTTCTCAAGCGAAAGGGGCTCCGGGCACAGGACAGGTAAAGGCCCGAGCCCTGACATTCCCTCCTCCTCCTGGGGCCTGGCCCCAGGGGGCAGCTATCCCAGTCGGGGGATCCCTGCCCTTTTCTCACCCCGAGCCCCACCCCACAGCGGCCTGGCGTGGACACCCAGGGGCCGAGGGGACACAGCATACGATCCAAGAGCTGGAGGCCCAGGCCAGCCAGCAGGGCCTGAAGAAGGGGCAGACTACACTGCTCAGTGCCCACAGGCTGCCCCGAGCAGAGCCCACCACGGGCAGGCGGGATCGGGGCCA
5,117813193,G,A,GGGAGGAGAAGGCATGCAAGGCTCTGTGGGCACAGAGGGGAGGAGCAAAGAACAGACAGCAAGGCGAAAGGAGCTGCCCCTTCACATCTTCAAGATGAATTTTTAAAGTTTGTGCAAGAGAAAAAGACGGCCAGGAATAAAGGGGCCACGTGGCAGGACATAAGTCACCTTACTTCTCAAGCGAAAGGGGCTCCGGGCACAGGACAGGTAAAGGCCCGAGCCCTGACATTCCCTCCTCCTCCTGGGGCCTGGCCCCAGGGGGCAGCTATCCCAGTCGGGGGATCCCTGCCCTTTTCTCACCCCGAGCCCCACCCCACAGCGGCCTGGCGTGGACACCCAGGGGCCGAGGGGACACAGCATACGATCCAAGAGCTGGAGGCCCAGGCCAGCCAGCAGGGCCTGAAGAAGGGGCAGACTACACTGCTCAGTGCCCACAGGCTGCCCCGAGCAGAGCCCACCACGGGCAGGCGGGATCGGGGCCAGTGAGGACAGGCCCACCGTGCCCACCCCCGGGAAGAGTTCTGAAGGATGCCTTGCGCATCNNNNNNNNNNNNNCGGGCCAAAACAACCAGCTTTGCAAATCTGTGCGGATCCGGGTTCCTGGCTCCCGGCGAACCCACCCCAAGTCGTCACTTGGGGTCTGCCCCTTTTTATTTCCCTTCAGCTATTTCTTCTCCTTGGGCAGCAACCCCCCCTCCCTGGGCTTTTCCATTCAGGGGTCCCGGAGCAGCCCGTGGGGATTGTTTGTGACACAATAGGGCTTGGTCCCCACGAAGTGCTCATATTTCTACAGCCTTTTAACCTGCTACAGACAATTCCTCATCAGGGAGGCGGATGGGGGTTCAATTTCAAATGCTGGTTGCAAGGGAAGGAGGTGTGGGGTGGGGGCTCGAAACCAGATACCAGGAGGGGCAAGTCTTGGGAACGAAATAGATCCACGCTCTGTGTCAGAAATGATTAACCGACGTTCATATCAAAGAATTCACAGACGGCTGGGCCTGAG,GGGAGGAGAAGGCATGCAAGGCTCTGTGGGCACAGAGGGGAGGAGCAAAGAACAGACAGCAAGGCGAAAGGAGCTGCCCCTTCACATCTTCAAGATGAATTTTTAAAGTTTGTGCAAGAGAAAAAGACGGCCAGGAATAAAGGGGCCACGTGGCAGGACATAAGTCACCTTACTTCTCAAGCGAAAGGGGCTCCGGGCACAGGACAGGTAAAGGCCCGAGCCCTGACATTCCCTCCTCCTCCTGGGGCCTGGCCCCAGGGGGCAGCTATCCCAGTCGGGGGATCCCTGCCCTTTTCTCACCCCGAGCCCCACCCCACAGCGGCCTGGCGTGGACACCCAGGGGCCGAGGGGACACAGCATACGATCCAAGAGCTGGAGGCCCAGGCCAGCCAGCAGGGCCTGAAGAAGGGGCAGACTACACTGCTCAGTGCCCACAGGCTGCCCCGAGCAGAGCCCACCACGGGCAGGCGGGATCGGGGCCAGTGAGGACAGGCCCACCGTACCCACCCCCGGGAAGAGTTCTGAAGGATGCCTTGCGCATCNNNNNNNNNNNNNCGGGCCAAAACAACCAGCTTTGCAAATCTGTGCGGATCCGGGTTCCTGGCTCCCGGCGAACCCACCCCAAGTCGTCACTTGGGGTCTGCCCCTTTTTATTTCCCTTCAGCTATTTCTTCTCCTTGGGCAGCAACCCCCCCTCCCTGGGCTTTTCCATTCAGGGGTCCCGGAGCAGCCCGTGGGGATTGTTTGTGACACAATAGGGCTTGGTCCCCACGAAGTGCTCATATTTCTACAGCCTTTTAACCTGCTACAGACAATTCCTCATCAGGGAGGCGGATGGGGGTTCAATTTCAAATGCTGGTTGCAAGGGAAGGAGGTGTGGGGTGGGGGCTCGAAACCAGATACCAGGAGGGGCAAGTCTTGGGAACGAAATAGATCCACGCTCTGTGTCAGAAATGATTAACCGACGTTCATATCAAAGAATTCACAGACGGCTGGGCCTGAG
5,117813204,G,A,GCATGCAAGGCTCTGTGGGCACAGAGGGGAGGAGCAAAGAACAGACAGCAAGGCGAAAGGAGCTGCCCCTTCACATCTTCAAGATGAATTTTTAAAGTTTGTGCAAGAGAAAAAGACGGCCAGGAATAAAGGGGCCACGTGGCAGGACATAAGTCACCTTACTTCTCAAGCGAAAGGGGCTCCGGGCACAGGACAGGTAAAGGCCCGAGCCCTGACATTCCCTCCTCCTCCTGGGGCCTGGCCCCAGGGGGCAGCTATCCCAGTCGGGGGATCCCTGCCCTTTTCTCACCCCGAGCCCCACCCCACAGCGGCCTGGCGTGGACACCCAGGGGCCGAGGGGACACAGCATACGATCCAAGAGCTGGAGGCCCAGGCCAGCCAGCAGGGCCTGAAGAAGGGGCAGACTACACTGCTCAGTGCCCACAGGCTGCCCCGAGCAGAGCCCACCACGGGCAGGCGGGATCGGGGCCAGTGAGGACAGGCCCACCGTGCCCACCCCCGGGAAGAGTTCTGAAGGATGCCTTGCGCATCNNNNNNNNNNNNNCGGGCCAAAACAACCAGCTTTGCAAATCTGTGCGGATCCGGGTTCCTGGCTCCCGGCGAACCCACCCCAAGTCGTCACTTGGGGTCTGCCCCTTTTTATTTCCCTTCAGCTATTTCTTCTCCTTGGGCAGCAACCCCCCCTCCCTGGGCTTTTCCATTCAGGGGTCCCGGAGCAGCCCGTGGGGATTGTTTGTGACACAATAGGGCTTGGTCCCCACGAAGTGCTCATATTTCTACAGCCTTTTAACCTGCTACAGACAATTCCTCATCAGGGAGGCGGATGGGGGTTCAATTTCAAATGCTGGTTGCAAGGGAAGGAGGTGTGGGGTGGGGGCTCGAAACCAGATACCAGGAGGGGCAAGTCTTGGGAACGAAATAGATCCACGCTCTGTGTCAGAAATGATTAACCGACGTTCATATCAAAGAATTCACAGACGGCTGGGCCTGAGGAATGTCACAA,GCATGCAAGGCTCTGTGGGCACAGAGGGGAGGAGCAAAGAACAGACAGCAAGGCGAAAGGAGCTGCCCCTTCACATCTTCAAGATGAATTTTTAAAGTTTGTGCAAGAGAAAAAGACGGCCAGGAATAAAGGGGCCACGTGGCAGGACATAAGTCACCTTACTTCTCAAGCGAAAGGGGCTCCGGGCACAGGACAGGTAAAGGCCCGAGCCCTGACATTCCCTCCTCCTCCTGGGGCCTGGCCCCAGGGGGCAGCTATCCCAGTCGGGGGATCCCTGCCCTTTTCTCACCCCGAGCCCCACCCCACAGCGGCCTGGCGTGGACACCCAGGGGCCGAGGGGACACAGCATACGATCCAAGAGCTGGAGGCCCAGGCCAGCCAGCAGGGCCTGAAGAAGGGGCAGACTACACTGCTCAGTGCCCACAGGCTGCCCCGAGCAGAGCCCACCACGGGCAGGCGGGATCGGGGCCAGTGAGGACAGGCCCACCGTGCCCACCCCCGAGAAGAGTTCTGAAGGATGCCTTGCGCATCNNNNNNNNNNNNNCGGGCCAAAACAACCAGCTTTGCAAATCTGTGCGGATCCGGGTTCCTGGCTCCCGGCGAACCCACCCCAAGTCGTCACTTGGGGTCTGCCCCTTTTTATTTCCCTTCAGCTATTTCTTCTCCTTGGGCAGCAACCCCCCCTCCCTGGGCTTTTCCATTCAGGGGTCCCGGAGCAGCCCGTGGGGATTGTTTGTGACACAATAGGGCTTGGTCCCCACGAAGTGCTCATATTTCTACAGCCTTTTAACCTGCTACAGACAATTCCTCATCAGGGAGGCGGATGGGGGTTCAATTTCAAATGCTGGTTGCAAGGGAAGGAGGTGTGGGGTGGGGGCTCGAAACCAGATACCAGGAGGGGCAAGTCTTGGGAACGAAATAGATCCACGCTCTGTGTCAGAAATGATTAACCGACGTTCATATCAAAGAATTCACAGACGGCTGGGCCTGAGGAATGTCACAA
5,117813238,G,C,CAAAGAACAGACAGCAAGGCGAAAGGAGCTGCCCCTTCACATCTTCAAGATGAATTTTTAAAGTTTGTGCAAGAGAAAAAGACGGCCAGGAATAAAGGGGCCACGTGGCAGGACATAAGTCACCTTACTTCTCAAGCGAAAGGGGCTCCGGGCACAGGACAGGTAAAGGCCCGAGCCCTGACATTCCCTCCTCCTCCTGGGGCCTGGCCCCAGGGGGCAGCTATCCCAGTCGGGGGATCCCTGCCCTTTTCTCACCCCGAGCCCCACCCCACAGCGGCCTGGCGTGGACACCCAGGGGCCGAGGGGACACAGCATACGATCCAAGAGCTGGAGGCCCAGGCCAGCCAGCAGGGCCTGAAGAAGGGGCAGACTACACTGCTCAGTGCCCACAGGCTGCCCCGAGCAGAGCCCACCACGGGCAGGCGGGATCGGGGCCAGTGAGGACAGGCCCACCGTGCCCACCCCCGGGAAGAGTTCTGAAGGATGCCTTGCGCATCNNNNNNNNNNNNNCGGGCCAAAACAACCAGCTTTGCAAATCTGTGCGGATCCGGGTTCCTGGCTCCCGGCGAACCCACCCCAAGTCGTCACTTGGGGTCTGCCCCTTTTTATTTCCCTTCAGCTATTTCTTCTCCTTGGGCAGCAACCCCCCCTCCCTGGGCTTTTCCATTCAGGGGTCCCGGAGCAGCCCGTGGGGATTGTTTGTGACACAATAGGGCTTGGTCCCCACGAAGTGCTCATATTTCTACAGCCTTTTAACCTGCTACAGACAATTCCTCATCAGGGAGGCGGATGGGGGTTCAATTTCAAATGCTGGTTGCAAGGGAAGGAGGTGTGGGGTGGGGGCTCGAAACCAGATACCAGGAGGGGCAAGTCTTGGGAACGAAATAGATCCACGCTCTGTGTCAGAAATGATTAACCGACGTTCATATCAAAGAATTCACAGACGGCTGGGCCTGAGGAATGTCACAAAGAGTGGAAATGCAGCCTGGAACGTGTATGTGTG,CAAAGAACAGACAGCAAGGCGAAAGGAGCTGCCCCTTCACATCTTCAAGATGAATTTTTAAAGTTTGTGCAAGAGAAAAAGACGGCCAGGAATAAAGGGGCCACGTGGCAGGACATAAGTCACCTTACTTCTCAAGCGAAAGGGGCTCCGGGCACAGGACAGGTAAAGGCCCGAGCCCTGACATTCCCTCCTCCTCCTGGGGCCTGGCCCCAGGGGGCAGCTATCCCAGTCGGGGGATCCCTGCCCTTTTCTCACCCCGAGCCCCACCCCACAGCGGCCTGGCGTGGACACCCAGGGGCCGAGGGGACACAGCATACGATCCAAGAGCTGGAGGCCCAGGCCAGCCAGCAGGGCCTGAAGAAGGGGCAGACTACACTGCTCAGTGCCCACAGGCTGCCCCGAGCAGAGCCCACCACGGGCAGGCGGGATCGGGGCCAGTGAGGACAGGCCCACCGTGCCCACCCCCGGGAAGAGTTCTGAAGGATGCCTTGCGCATCNNNNCNNNNNNNNCGGGCCAAAACAACCAGCTTTGCAAATCTGTGCGGATCCGGGTTCCTGGCTCCCGGCGAACCCACCCCAAGTCGTCACTTGGGGTCTGCCCCTTTTTATTTCCCTTCAGCTATTTCTTCTCCTTGGGCAGCAACCCCCCCTCCCTGGGCTTTTCCATTCAGGGGTCCCGGAGCAGCCCGTGGGGATTGTTTGTGACACAATAGGGCTTGGTCCCCACGAAGTGCTCATATTTCTACAGCCTTTTAACCTGCTACAGACAATTCCTCATCAGGGAGGCGGATGGGGGTTCAATTTCAAATGCTGGTTGCAAGGGAAGGAGGTGTGGGGTGGGGGCTCGAAACCAGATACCAGGAGGGGCAAGTCTTGGGAACGAAATAGATCCACGCTCTGTGTCAGAAATGATTAACCGACGTTCATATCAAAGAATTCACAGACGGCTGGGCCTGAGGAATGTCACAAAGAGTGGAAATGCAGCCTGGAACGTGTATGTGTG
5,117813369,T,C,TCAAGCGAAAGGGGCTCCGGGCACAGGACAGGTAAAGGCCCGAGCCCTGACATTCCCTCCTCCTCCTGGGGCCTGGCCCCAGGGGGCAGCTATCCCAGTCGGGGGATCCCTGCCCTTTTCTCACCCCGAGCCCCACCCCACAGCGGCCTGGCGTGGACACCCAGGGGCCGAGGGGACACAGCATACGATCCAAGAGCTGGAGGCCCAGGCCAGCCAGCAGGGCCTGAAGAAGGGGCAGACTACACTGCTCAGTGCCCACAGGCTGCCCCGAGCAGAGCCCACCACGGGCAGGCGGGATCGGGGCCAGTGAGGACAGGCCCACCGTGCCCACCCCCGGGAAGAGTTCTGAAGGATGCCTTGCGCATCNNNNNNNNNNNNNCGGGCCAAAACAACCAGCTTTGCAAATCTGTGCGGATCCGGGTTCCTGGCTCCCGGCGAACCCACCCCAAGTCGTCACTTGGGGTCTGCCCCTTTTTATTTCCCTTCAGCTATTTCTTCTCCTTGGGCAGCAACCCCCCCTCCCTGGGCTTTTCCATTCAGGGGTCCCGGAGCAGCCCGTGGGGATTGTTTGTGACACAATAGGGCTTGGTCCCCACGAAGTGCTCATATTTCTACAGCCTTTTAACCTGCTACAGACAATTCCTCATCAGGGAGGCGGATGGGGGTTCAATTTCAAATGCTGGTTGCAAGGGAAGGAGGTGTGGGGTGGGGGCTCGAAACCAGATACCAGGAGGGGCAAGTCTTGGGAACGAAATAGATCCACGCTCTGTGTCAGAAATGATTAACCGACGTTCATATCAAAGAATTCACAGACGGCTGGGCCTGAGGAATGTCACAAAGAGTGGAAATGCAGCCTGGAACGTGTATGTGTGAGGCTCAGACCCGACGACTGGGCCGGCTGGACGAACGAAGCCCGCTGGACGATGGGCACACCGAGAAATGTGGGTGAGCCCCCGCCCCGGTCCAGGCACAAAGGTGAGTAGGCCCCCCTCCAAAGCAGGCG,TCAAGCGAAAGGGGCTCCGGGCACAGGACAGGTAAAGGCCCGAGCCCTGACATTCCCTCCTCCTCCTGGGGCCTGGCCCCAGGGGGCAGCTATCCCAGTCGGGGGATCCCTGCCCTTTTCTCACCCCGAGCCCCACCCCACAGCGGCCTGGCGTGGACACCCAGGGGCCGAGGGGACACAGCATACGATCCAAGAGCTGGAGGCCCAGGCCAGCCAGCAGGGCCTGAAGAAGGGGCAGACTACACTGCTCAGTGCCCACAGGCTGCCCCGAGCAGAGCCCACCACGGGCAGGCGGGATCGGGGCCAGTGAGGACAGGCCCACCGTGCCCACCCCCGGGAAGAGTTCTGAAGGATGCCTTGCGCATCNNNNNNNNNNNNNCGGGCCAAAACAACCAGCTTTGCAAATCTGTGCGGATCCGGGTTCCTGGCTCCCGGCGAACCCACCCCAAGTCGTCACTTGGGGTCTGCCCCTTTTTATTTCCCTTCAGCTATTTCTTCTCCCTGGGCAGCAACCCCCCCTCCCTGGGCTTTTCCATTCAGGGGTCCCGGAGCAGCCCGTGGGGATTGTTTGTGACACAATAGGGCTTGGTCCCCACGAAGTGCTCATATTTCTACAGCCTTTTAACCTGCTACAGACAATTCCTCATCAGGGAGGCGGATGGGGGTTCAATTTCAAATGCTGGTTGCAAGGGAAGGAGGTGTGGGGTGGGGGCTCGAAACCAGATACCAGGAGGGGCAAGTCTTGGGAACGAAATAGATCCACGCTCTGTGTCAGAAATGATTAACCGACGTTCATATCAAAGAATTCACAGACGGCTGGGCCTGAGGAATGTCACAAAGAGTGGAAATGCAGCCTGGAACGTGTATGTGTGAGGCTCAGACCCGACGACTGGGCCGGCTGGACGAACGAAGCCCGCTGGACGATGGGCACACCGAGAAATGTGGGTGAGCCCCCGCCCCGGTCCAGGCACAAAGGTGAGTAGGCCCCCCTCCAAAGCAGGCG
5,117813576,G,A,GGCCAGCCAGCAGGGCCTGAAGAAGGGGCAGACTACACTGCTCAGTGCCCACAGGCTGCCCCGAGCAGAGCCCACCACGGGCAGGCGGGATCGGGGCCAGTGAGGACAGGCCCACCGTGCCCACCCCCGGGAAGAGTTCTGAAGGATGCCTTGCGCATCNNNNNNNNNNNNNCGGGCCAAAACAACCAGCTTTGCAAATCTGTGCGGATCCGGGTTCCTGGCTCCCGGCGAACCCACCCCAAGTCGTCACTTGGGGTCTGCCCCTTTTTATTTCCCTTCAGCTATTTCTTCTCCTTGGGCAGCAACCCCCCCTCCCTGGGCTTTTCCATTCAGGGGTCCCGGAGCAGCCCGTGGGGATTGTTTGTGACACAATAGGGCTTGGTCCCCACGAAGTGCTCATATTTCTACAGCCTTTTAACCTGCTACAGACAATTCCTCATCAGGGAGGCGGATGGGGGTTCAATTTCAAATGCTGGTTGCAAGGGAAGGAGGTGTGGGGTGGGGGCTCGAAACCAGATACCAGGAGGGGCAAGTCTTGGGAACGAAATAGATCCACGCTCTGTGTCAGAAATGATTAACCGACGTTCATATCAAAGAATTCACAGACGGCTGGGCCTGAGGAATGTCACAAAGAGTGGAAATGCAGCCTGGAACGTGTATGTGTGAGGCTCAGACCCGACGACTGGGCCGGCTGGACGAACGAAGCCCGCTGGACGATGGGCACACCGAGAAATGTGGGTGAGCCCCCGCCCCGGTCCAGGCACAAAGGTGAGTAGGCCCCCCTCCAAAGCAGGCGTGGTGTTTCTCTCTGATGTTAACTTGTGGACGAGAGGAGAAAACACCCAGGCACACACACTTCCAGGATCCAAACCAAACGCCCAGGGAGCCTCCCAACAGGACTCTGCTGGAACTCCAACAGCAGATCAAGATGCTGCGTCCCCGGGGGCCCAGGTTGGGTCTGGGGGGCGCCCCACGTGCAGACAGTCCCTGGATGCTCTGGTAG,GGCCAGCCAGCAGGGCCTGAAGAAGGGGCAGACTACACTGCTCAGTGCCCACAGGCTGCCCCGAGCAGAGCCCACCACGGGCAGGCGGGATCGGGGCCAGTGAGGACAGGCCCACCGTGCCCACCCCCGGGAAGAGTTCTGAAGGATGCCTTGCGCATCNNNNNNNNNNNNNCGGGCCAAAACAACCAGCTTTGCAAATCTGTGCGGATCCGGGTTCCTGGCTCCCGGCGAACCCACCCCAAGTCGTCACTTGGGGTCTGCCCCTTTTTATTTCCCTTCAGCTATTTCTTCTCCTTGGGCAGCAACCCCCCCTCCCTGGGCTTTTCCATTCAGGGGTCCCGGAGCAGCCCGTGGGGATTGTTTGTGACACAATAGGGCTTGGTCCCCACGAAGTGCTCATATTTCTACAGCCTTTTAACCTGCTACAGACAATTCCTCATCAGGGAGGCGGATGGGGGTTCAATTTCAAATGCTGGTTGCAAGGGAAGGAGGTGTGGGGTGAGGGCTCGAAACCAGATACCAGGAGGGGCAAGTCTTGGGAACGAAATAGATCCACGCTCTGTGTCAGAAATGATTAACCGACGTTCATATCAAAGAATTCACAGACGGCTGGGCCTGAGGAATGTCACAAAGAGTGGAAATGCAGCCTGGAACGTGTATGTGTGAGGCTCAGACCCGACGACTGGGCCGGCTGGACGAACGAAGCCCGCTGGACGATGGGCACACCGAGAAATGTGGGTGAGCCCCCGCCCCGGTCCAGGCACAAAGGTGAGTAGGCCCCCCTCCAAAGCAGGCGTGGTGTTTCTCTCTGATGTTAACTTGTGGACGAGAGGAGAAAACACCCAGGCACACACACTTCCAGGATCCAAACCAAACGCCCAGGGAGCCTCCCAACAGGACTCTGCTGGAACTCCAACAGCAGATCAAGATGCTGCGTCCCCGGGGGCCCAGGTTGGGTCTGGGGGGCGCCCCACGTGCAGACAGTCCCTGGATGCTCTGGTAG
5,117813783,G,A,ATCCGGGTTCCTGGCTCCCGGCGAACCCACCCCAAGTCGTCACTTGGGGTCTGCCCCTTTTTATTTCCCTTCAGCTATTTCTTCTCCTTGGGCAGCAACCCCCCCTCCCTGGGCTTTTCCATTCAGGGGTCCCGGAGCAGCCCGTGGGGATTGTTTGTGACACAATAGGGCTTGGTCCCCACGAAGTGCTCATATTTCTACAGCCTTTTAACCTGCTACAGACAATTCCTCATCAGGGAGGCGGATGGGGGTTCAATTTCAAATGCTGGTTGCAAGGGAAGGAGGTGTGGGGTGGGGGCTCGAAACCAGATACCAGGAGGGGCAAGTCTTGGGAACGAAATAGATCCACGCTCTGTGTCAGAAATGATTAACCGACGTTCATATCAAAGAATTCACAGACGGCTGGGCCTGAGGAATGTCACAAAGAGTGGAAATGCAGCCTGGAACGTGTATGTGTGAGGCTCAGACCCGACGACTGGGCCGGCTGGACGAACGAAGCCCGCTGGACGATGGGCACACCGAGAAATGTGGGTGAGCCCCCGCCCCGGTCCAGGCACAAAGGTGAGTAGGCCCCCCTCCAAAGCAGGCGTGGTGTTTCTCTCTGATGTTAACTTGTGGACGAGAGGAGAAAACACCCAGGCACACACACTTCCAGGATCCAAACCAAACGCCCAGGGAGCCTCCCAACAGGACTCTGCTGGAACTCCAACAGCAGATCAAGATGCTGCGTCCCCGGGGGCCCAGGTTGGGTCTGGGGGGCGCCCCACGTGCAGACAGTCCCTGGATGCTCTGGTAGCGACTCTGACGCTCAGCTTCCCCGCCTGTAACACACAAGTGGGAATGCCCTCCCGCCCCCTAGGCAGGCTGCGGCACCTCCCAGACCCGGAGCACTGACCAGGCCCCCACACAGGGGCTCTGGGCTCTGCGATGGAGAGCTAGGTCCACCTCTCTTGTGGGGAGGGATTTGCCCCAAAGCCACCCAGGCAGGAGCAGAGAAGGAGGG,ATCCGGGTTCCTGGCTCCCGGCGAACCCACCCCAAGTCGTCACTTGGGGTCTGCCCCTTTTTATTTCCCTTCAGCTATTTCTTCTCCTTGGGCAGCAACCCCCCCTCCCTGGGCTTTTCCATTCAGGGGTCCCGGAGCAGCCCGTGGGGATTGTTTGTGACACAATAGGGCTTGGTCCCCACGAAGTGCTCATATTTCTACAGCCTTTTAACCTGCTACAGACAATTCCTCATCAGGGAGGCGGATGGGGGTTCAATTTCAAATGCTGGTTGCAAGGGAAGGAGGTGTGGGGTGGGGGCTCGAAACCAGATACCAGGAGGGGCAAGTCTTGGGAACGAAATAGATCCACGCTCTGTGTCAGAAATGATTAACCGACGTTCATATCAAAGAATTCACAGACGGCTGGGCCTGAGGAATGTCACAAAGAGTGGAAATGCAGCCTGGAACGTGTATGTGTGAGGCTCAGACCCGACGACTGGGCCGGCTGGACGAACGAAGCCCACTGGACGATGGGCACACCGAGAAATGTGGGTGAGCCCCCGCCCCGGTCCAGGCACAAAGGTGAGTAGGCCCCCCTCCAAAGCAGGCGTGGTGTTTCTCTCTGATGTTAACTTGTGGACGAGAGGAGAAAACACCCAGGCACACACACTTCCAGGATCCAAACCAAACGCCCAGGGAGCCTCCCAACAGGACTCTGCTGGAACTCCAACAGCAGATCAAGATGCTGCGTCCCCGGGGGCCCAGGTTGGGTCTGGGGGGCGCCCCACGTGCAGACAGTCCCTGGATGCTCTGGTAGCGACTCTGACGCTCAGCTTCCCCGCCTGTAACACACAAGTGGGAATGCCCTCCCGCCCCCTAGGCAGGCTGCGGCACCTCCCAGACCCGGAGCACTGACCAGGCCCCCACACAGGGGCTCTGGGCTCTGCGATGGAGAGCTAGGTCCACCTCTCTTGTGGGGAGGGATTTGCCCCAAAGCCACCCAGGCAGGAGCAGAGAAGGAGGG
5,117813895,T,G,GCTTTTCCATTCAGGGGTCCCGGAGCAGCCCGTGGGGATTGTTTGTGACACAATAGGGCTTGGTCCCCACGAAGTGCTCATATTTCTACAGCCTTTTAACCTGCTACAGACAATTCCTCATCAGGGAGGCGGATGGGGGTTCAATTTCAAATGCTGGTTGCAAGGGAAGGAGGTGTGGGGTGGGGGCTCGAAACCAGATACCAGGAGGGGCAAGTCTTGGGAACGAAATAGATCCACGCTCTGTGTCAGAAATGATTAACCGACGTTCATATCAAAGAATTCACAGACGGCTGGGCCTGAGGAATGTCACAAAGAGTGGAAATGCAGCCTGGAACGTGTATGTGTGAGGCTCAGACCCGACGACTGGGCCGGCTGGACGAACGAAGCCCGCTGGACGATGGGCACACCGAGAAATGTGGGTGAGCCCCCGCCCCGGTCCAGGCACAAAGGTGAGTAGGCCCCCCTCCAAAGCAGGCGTGGTGTTTCTCTCTGATGTTAACTTGTGGACGAGAGGAGAAAACACCCAGGCACACACACTTCCAGGATCCAAACCAAACGCCCAGGGAGCCTCCCAACAGGACTCTGCTGGAACTCCAACAGCAGATCAAGATGCTGCGTCCCCGGGGGCCCAGGTTGGGTCTGGGGGGCGCCCCACGTGCAGACAGTCCCTGGATGCTCTGGTAGCGACTCTGACGCTCAGCTTCCCCGCCTGTAACACACAAGTGGGAATGCCCTCCCGCCCCCTAGGCAGGCTGCGGCACCTCCCAGACCCGGAGCACTGACCAGGCCCCCACACAGGGGCTCTGGGCTCTGCGATGGAGAGCTAGGTCCACCTCTCTTGTGGGGAGGGATTTGCCCCAAAGCCACCCAGGCAGGAGCAGAGAAGGAGGGTGGGATGCAAGGTAGTGGCTGCACACTGTTAAATATAGAGTAGATGTACAACATCCATGTGCACCGCAGGGAACGATGCTCGATGTCCCGGGGTAAAACCACGGTGGGAAAG,GCTTTTCCATTCAGGGGTCCCGGAGCAGCCCGTGGGGATTGTTTGTGACACAATAGGGCTTGGTCCCCACGAAGTGCTCATATTTCTACAGCCTTTTAACCTGCTACAGACAATTCCTCATCAGGGAGGCGGATGGGGGTTCAATTTCAAATGCTGGTTGCAAGGGAAGGAGGTGTGGGGTGGGGGCTCGAAACCAGATACCAGGAGGGGCAAGTCTTGGGAACGAAATAGATCCACGCTCTGTGTCAGAAATGATTAACCGACGTTCATATCAAAGAATTCACAGACGGCTGGGCCTGAGGAATGTCACAAAGAGTGGAAATGCAGCCTGGAACGTGTATGTGTGAGGCTCAGACCCGACGACTGGGCCGGCTGGACGAACGAAGCCCGCTGGACGATGGGCACACCGAGAAATGTGGGTGAGCCCCCGCCCCGGTCCAGGCACAAAGGTGAGTAGGCCCCCCTCCAAAGCAGGCGTGGTGTTTCTCTCTGATGTTAACTGGTGGACGAGAGGAGAAAACACCCAGGCACACACACTTCCAGGATCCAAACCAAACGCCCAGGGAGCCTCCCAACAGGACTCTGCTGGAACTCCAACAGCAGATCAAGATGCTGCGTCCCCGGGGGCCCAGGTTGGGTCTGGGGGGCGCCCCACGTGCAGACAGTCCCTGGATGCTCTGGTAGCGACTCTGACGCTCAGCTTCCCCGCCTGTAACACACAAGTGGGAATGCCCTCCCGCCCCCTAGGCAGGCTGCGGCACCTCCCAGACCCGGAGCACTGACCAGGCCCCCACACAGGGGCTCTGGGCTCTGCGATGGAGAGCTAGGTCCACCTCTCTTGTGGGGAGGGATTTGCCCCAAAGCCACCCAGGCAGGAGCAGAGAAGGAGGGTGGGATGCAAGGTAGTGGCTGCACACTGTTAAATATAGAGTAGATGTACAACATCCATGTGCACCGCAGGGAACGATGCTCGATGTCCCGGGGTAAAACCACGGTGGGAAAG
5,117814003,A,G,GACAATTCCTCATCAGGGAGGCGGATGGGGGTTCAATTTCAAATGCTGGTTGCAAGGGAAGGAGGTGTGGGGTGGGGGCTCGAAACCAGATACCAGGAGGGGCAAGTCTTGGGAACGAAATAGATCCACGCTCTGTGTCAGAAATGATTAACCGACGTTCATATCAAAGAATTCACAGACGGCTGGGCCTGAGGAATGTCACAAAGAGTGGAAATGCAGCCTGGAACGTGTATGTGTGAGGCTCAGACCCGACGACTGGGCCGGCTGGACGAACGAAGCCCGCTGGACGATGGGCACACCGAGAAATGTGGGTGAGCCCCCGCCCCGGTCCAGGCACAAAGGTGAGTAGGCCCCCCTCCAAAGCAGGCGTGGTGTTTCTCTCTGATGTTAACTTGTGGACGAGAGGAGAAAACACCCAGGCACACACACTTCCAGGATCCAAACCAAACGCCCAGGGAGCCTCCCAACAGGACTCTGCTGGAACTCCAACAGCAGATCAAGATGCTGCGTCCCCGGGGGCCCAGGTTGGGTCTGGGGGGCGCCCCACGTGCAGACAGTCCCTGGATGCTCTGGTAGCGACTCTGACGCTCAGCTTCCCCGCCTGTAACACACAAGTGGGAATGCCCTCCCGCCCCCTAGGCAGGCTGCGGCACCTCCCAGACCCGGAGCACTGACCAGGCCCCCACACAGGGGCTCTGGGCTCTGCGATGGAGAGCTAGGTCCACCTCTCTTGTGGGGAGGGATTTGCCCCAAAGCCACCCAGGCAGGAGCAGAGAAGGAGGGTGGGATGCAAGGTAGTGGCTGCACACTGTTAAATATAGAGTAGATGTACAACATCCATGTGCACCGCAGGGAACGATGCTCGATGTCCCGGGGTAAAACCACGGTGGGAAAGAATATCTATCAATCCCTTTTCTGGGCAGCAGAAATTAAACCCAACATTGTAAATCAACTATACTTCAATAAAATGTAGAAAAAGAAGTCANNNNNNNNNNNNNNNNNN,GACAATTCCTCATCAGGGAGGCGGATGGGGGTTCAATTTCAAATGCTGGTTGCAAGGGAAGGAGGTGTGGGGTGGGGGCTCGAAACCAGATACCAGGAGGGGCAAGTCTTGGGAACGAAATAGATCCACGCTCTGTGTCAGAAATGATTAACCGACGTTCATATCAAAGAATTCACAGACGGCTGGGCCTGAGGAATGTCACAAAGAGTGGAAATGCAGCCTGGAACGTGTATGTGTGAGGCTCAGACCCGACGACTGGGCCGGCTGGACGAACGAAGCCCGCTGGACGATGGGCACACCGAGAAATGTGGGTGAGCCCCCGCCCCGGTCCAGGCACAAAGGTGAGTAGGCCCCCCTCCAAAGCAGGCGTGGTGTTTCTCTCTGATGTTAACTTGTGGACGAGAGGAGAAAACACCCAGGCACACACACTTCCAGGATCCAAACCAAACGCCCAGGGAGCCTCCCAACAGGACTCTGCTGGAACTCCAACAGCAGATCAAGGTGCTGCGTCCCCGGGGGCCCAGGTTGGGTCTGGGGGGCGCCCCACGTGCAGACAGTCCCTGGATGCTCTGGTAGCGACTCTGACGCTCAGCTTCCCCGCCTGTAACACACAAGTGGGAATGCCCTCCCGCCCCCTAGGCAGGCTGCGGCACCTCCCAGACCCGGAGCACTGACCAGGCCCCCACACAGGGGCTCTGGGCTCTGCGATGGAGAGCTAGGTCCACCTCTCTTGTGGGGAGGGATTTGCCCCAAAGCCACCCAGGCAGGAGCAGAGAAGGAGGGTGGGATGCAAGGTAGTGGCTGCACACTGTTAAATATAGAGTAGATGTACAACATCCATGTGCACCGCAGGGAACGATGCTCGATGTCCCGGGGTAAAACCACGGTGGGAAAGAATATCTATCAATCCCTTTTCTGGGCAGCAGAAATTAAACCCAACATTGTAAATCAACTATACTTCAATAAAATGTAGAAAAAGAAGTCANNNNNNNNNNNNNNNNNN
5,117814010,G,A,CCTCATCAGGGAGGCGGATGGGGGTTCAATTTCAAATGCTGGTTGCAAGGGAAGGAGGTGTGGGGTGGGGGCTCGAAACCAGATACCAGGAGGGGCAAGTCTTGGGAACGAAATAGATCCACGCTCTGTGTCAGAAATGATTAACCGACGTTCATATCAAAGAATTCACAGACGGCTGGGCCTGAGGAATGTCACAAAGAGTGGAAATGCAGCCTGGAACGTGTATGTGTGAGGCTCAGACCCGACGACTGGGCCGGCTGGACGAACGAAGCCCGCTGGACGATGGGCACACCGAGAAATGTGGGTGAGCCCCCGCCCCGGTCCAGGCACAAAGGTGAGTAGGCCCCCCTCCAAAGCAGGCGTGGTGTTTCTCTCTGATGTTAACTTGTGGACGAGAGGAGAAAACACCCAGGCACACACACTTCCAGGATCCAAACCAAACGCCCAGGGAGCCTCCCAACAGGACTCTGCTGGAACTCCAACAGCAGATCAAGATGCTGCGTCCCCGGGGGCCCAGGTTGGGTCTGGGGGGCGCCCCACGTGCAGACAGTCCCTGGATGCTCTGGTAGCGACTCTGACGCTCAGCTTCCCCGCCTGTAACACACAAGTGGGAATGCCCTCCCGCCCCCTAGGCAGGCTGCGGCACCTCCCAGACCCGGAGCACTGACCAGGCCCCCACACAGGGGCTCTGGGCTCTGCGATGGAGAGCTAGGTCCACCTCTCTTGTGGGGAGGGATTTGCCCCAAAGCCACCCAGGCAGGAGCAGAGAAGGAGGGTGGGATGCAAGGTAGTGGCTGCACACTGTTAAATATAGAGTAGATGTACAACATCCATGTGCACCGCAGGGAACGATGCTCGATGTCCCGGGGTAAAACCACGGTGGGAAAGAATATCTATCAATCCCTTTTCTGGGCAGCAGAAATTAAACCCAACATTGTAAATCAACTATACTTCAATAAAATGTAGAAAAAGAAGTCANNNNNNNNNNNNNNNNNNNNNNNNN,CCTCATCAGGGAGGCGGATGGGGGTTCAATTTCAAATGCTGGTTGCAAGGGAAGGAGGTGTGGGGTGGGGGCTCGAAACCAGATACCAGGAGGGGCAAGTCTTGGGAACGAAATAGATCCACGCTCTGTGTCAGAAATGATTAACCGACGTTCATATCAAAGAATTCACAGACGGCTGGGCCTGAGGAATGTCACAAAGAGTGGAAATGCAGCCTGGAACGTGTATGTGTGAGGCTCAGACCCGACGACTGGGCCGGCTGGACGAACGAAGCCCGCTGGACGATGGGCACACCGAGAAATGTGGGTGAGCCCCCGCCCCGGTCCAGGCACAAAGGTGAGTAGGCCCCCCTCCAAAGCAGGCGTGGTGTTTCTCTCTGATGTTAACTTGTGGACGAGAGGAGAAAACACCCAGGCACACACACTTCCAGGATCCAAACCAAACGCCCAGGGAGCCTCCCAACAGGACTCTGCTGGAACTCCAACAGCAGATCAAGATGCTGCATCCCCGGGGGCCCAGGTTGGGTCTGGGGGGCGCCCCACGTGCAGACAGTCCCTGGATGCTCTGGTAGCGACTCTGACGCTCAGCTTCCCCGCCTGTAACACACAAGTGGGAATGCCCTCCCGCCCCCTAGGCAGGCTGCGGCACCTCCCAGACCCGGAGCACTGACCAGGCCCCCACACAGGGGCTCTGGGCTCTGCGATGGAGAGCTAGGTCCACCTCTCTTGTGGGGAGGGATTTGCCCCAAAGCCACCCAGGCAGGAGCAGAGAAGGAGGGTGGGATGCAAGGTAGTGGCTGCACACTGTTAAATATAGAGTAGATGTACAACATCCATGTGCACCGCAGGGAACGATGCTCGATGTCCCGGGGTAAAACCACGGTGGGAAAGAATATCTATCAATCCCTTTTCTGGGCAGCAGAAATTAAACCCAACATTGTAAATCAACTATACTTCAATAAAATGTAGAAAAAGAAGTCANNNNNNNNNNNNNNNNNNNNNNNNN
5,117814048,C,T,CTGGTTGCAAGGGAAGGAGGTGTGGGGTGGGGGCTCGAAACCAGATACCAGGAGGGGCAAGTCTTGGGAACGAAATAGATCCACGCTCTGTGTCAGAAATGATTAACCGACGTTCATATCAAAGAATTCACAGACGGCTGGGCCTGAGGAATGTCACAAAGAGTGGAAATGCAGCCTGGAACGTGTATGTGTGAGGCTCAGACCCGACGACTGGGCCGGCTGGACGAACGAAGCCCGCTGGACGATGGGCACACCGAGAAATGTGGGTGAGCCCCCGCCCCGGTCCAGGCACAAAGGTGAGTAGGCCCCCCTCCAAAGCAGGCGTGGTGTTTCTCTCTGATGTTAACTTGTGGACGAGAGGAGAAAACACCCAGGCACACACACTTCCAGGATCCAAACCAAACGCCCAGGGAGCCTCCCAACAGGACTCTGCTGGAACTCCAACAGCAGATCAAGATGCTGCGTCCCCGGGGGCCCAGGTTGGGTCTGGGGGGCGCCCCACGTGCAGACAGTCCCTGGATGCTCTGGTAGCGACTCTGACGCTCAGCTTCCCCGCCTGTAACACACAAGTGGGAATGCCCTCCCGCCCCCTAGGCAGGCTGCGGCACCTCCCAGACCCGGAGCACTGACCAGGCCCCCACACAGGGGCTCTGGGCTCTGCGATGGAGAGCTAGGTCCACCTCTCTTGTGGGGAGGGATTTGCCCCAAAGCCACCCAGGCAGGAGCAGAGAAGGAGGGTGGGATGCAAGGTAGTGGCTGCACACTGTTAAATATAGAGTAGATGTACAACATCCATGTGCACCGCAGGGAACGATGCTCGATGTCCCGGGGTAAAACCACGGTGGGAAAGAATATCTATCAATCCCTTTTCTGGGCAGCAGAAATTAAACCCAACATTGTAAATCAACTATACTTCAATAAAATGTAGAAAAAGAAGTCANNNNNNNNNNNNNNNNNNNNNNNNNNNNNNNNNNNNNNNNNNNNNNNNNNNNNNNNNNNNNNN,CTGGTTGCAAGGGAAGGAGGTGTGGGGTGGGGGCTCGAAACCAGATACCAGGAGGGGCAAGTCTTGGGAACGAAATAGATCCACGCTCTGTGTCAGAAATGATTAACCGACGTTCATATCAAAGAATTCACAGACGGCTGGGCCTGAGGAATGTCACAAAGAGTGGAAATGCAGCCTGGAACGTGTATGTGTGAGGCTCAGACCCGACGACTGGGCCGGCTGGACGAACGAAGCCCGCTGGACGATGGGCACACCGAGAAATGTGGGTGAGCCCCCGCCCCGGTCCAGGCACAAAGGTGAGTAGGCCCCCCTCCAAAGCAGGCGTGGTGTTTCTCTCTGATGTTAACTTGTGGACGAGAGGAGAAAACACCCAGGCACACACACTTCCAGGATCCAAACCAAACGCCCAGGGAGCCTCCCAACAGGACTCTGCTGGAACTCCAACAGCAGATCAAGATGCTGCGTCCCCGGGGGCCCAGGTTGGGTCTGGGGGGCGCCCCATGTGCAGACAGTCCCTGGATGCTCTGGTAGCGACTCTGACGCTCAGCTTCCCCGCCTGTAACACACAAGTGGGAATGCCCTCCCGCCCCCTAGGCAGGCTGCGGCACCTCCCAGACCCGGAGCACTGACCAGGCCCCCACACAGGGGCTCTGGGCTCTGCGATGGAGAGCTAGGTCCACCTCTCTTGTGGGGAGGGATTTGCCCCAAAGCCACCCAGGCAGGAGCAGAGAAGGAGGGTGGGATGCAAGGTAGTGGCTGCACACTGTTAAATATAGAGTAGATGTACAACATCCATGTGCACCGCAGGGAACGATGCTCGATGTCCCGGGGTAAAACCACGGTGGGAAAGAATATCTATCAATCCCTTTTCTGGGCAGCAGAAATTAAACCCAACATTGTAAATCAACTATACTTCAATAAAATGTAGAAAAAGAAGTCANNNNNNNNNNNNNNNNNNNNNNNNNNNNNNNNNNNNNNNNNNNNNNNNNNNNNNNNNNNNNNN
5,117814183,C,T,GGCTGGGCCTGAGGAATGTCACAAAGAGTGGAAATGCAGCCTGGAACGTGTATGTGTGAGGCTCAGACCCGACGACTGGGCCGGCTGGACGAACGAAGCCCGCTGGACGATGGGCACACCGAGAAATGTGGGTGAGCCCCCGCCCCGGTCCAGGCACAAAGGTGAGTAGGCCCCCCTCCAAAGCAGGCGTGGTGTTTCTCTCTGATGTTAACTTGTGGACGAGAGGAGAAAACACCCAGGCACACACACTTCCAGGATCCAAACCAAACGCCCAGGGAGCCTCCCAACAGGACTCTGCTGGAACTCCAACAGCAGATCAAGATGCTGCGTCCCCGGGGGCCCAGGTTGGGTCTGGGGGGCGCCCCACGTGCAGACAGTCCCTGGATGCTCTGGTAGCGACTCTGACGCTCAGCTTCCCCGCCTGTAACACACAAGTGGGAATGCCCTCCCGCCCCCTAGGCAGGCTGCGGCACCTCCCAGACCCGGAGCACTGACCAGGCCCCCACACAGGGGCTCTGGGCTCTGCGATGGAGAGCTAGGTCCACCTCTCTTGTGGGGAGGGATTTGCCCCAAAGCCACCCAGGCAGGAGCAGAGAAGGAGGGTGGGATGCAAGGTAGTGGCTGCACACTGTTAAATATAGAGTAGATGTACAACATCCATGTGCACCGCAGGGAACGATGCTCGATGTCCCGGGGTAAAACCACGGTGGGAAAGAATATCTATCAATCCCTTTTCTGGGCAGCAGAAATTAAACCCAACATTGTAAATCAACTATACTTCAATAAAATGTAGAAAAAGAAGTCANNNNNNNNNNNNNNNNNNNNNNNNNNNNNNNNNNNNNNNNNNNNNNNNNNNNNNNNNNNNNNNNNNNNNNNNNNNNNNNNNNNNNNNNNNNNNNNNNNNNNNNNNNNNNNNNNNNNNNNNNNNNNNNNNNNNNNNNNNNNAGAACCTTCTTCAGTGAAATTGGCAGGAGCTCAGAGTTCCCCNNNNNNNNNNNNNNNN,GGCTGGGCCTGAGGAATGTCACAAAGAGTGGAAATGCAGCCTGGAACGTGTATGTGTGAGGCTCAGACCCGACGACTGGGCCGGCTGGACGAACGAAGCCCGCTGGACGATGGGCACACCGAGAAATGTGGGTGAGCCCCCGCCCCGGTCCAGGCACAAAGGTGAGTAGGCCCCCCTCCAAAGCAGGCGTGGTGTTTCTCTCTGATGTTAACTTGTGGACGAGAGGAGAAAACACCCAGGCACACACACTTCCAGGATCCAAACCAAACGCCCAGGGAGCCTCCCAACAGGACTCTGCTGGAACTCCAACAGCAGATCAAGATGCTGCGTCCCCGGGGGCCCAGGTTGGGTCTGGGGGGCGCCCCACGTGCAGACAGTCCCTGGATGCTCTGGTAGCGACTCTGACGCTCAGCTTCCCCGCCTGTAACACACAAGTGGGAATGCCCTCCCGCCCCCTAGGCAGGCTGCGGCACCTCCCAGACCCGGAGCACTGACCAGGCCTCCACACAGGGGCTCTGGGCTCTGCGATGGAGAGCTAGGTCCACCTCTCTTGTGGGGAGGGATTTGCCCCAAAGCCACCCAGGCAGGAGCAGAGAAGGAGGGTGGGATGCAAGGTAGTGGCTGCACACTGTTAAATATAGAGTAGATGTACAACATCCATGTGCACCGCAGGGAACGATGCTCGATGTCCCGGGGTAAAACCACGGTGGGAAAGAATATCTATCAATCCCTTTTCTGGGCAGCAGAAATTAAACCCAACATTGTAAATCAACTATACTTCAATAAAATGTAGAAAAAGAAGTCANNNNNNNNNNNNNNNNNNNNNNNNNNNNNNNNNNNNNNNNNNNNNNNNNNNNNNNNNNNNNNNNNNNNNNNNNNNNNNNNNNNNNNNNNNNNNNNNNNNNNNNNNNNNNNNNNNNNNNNNNNNNNNNNNNNNNNNNNNNNAGAACCTTCTTCAGTGAAATTGGCAGGAGCTCAGAGTTCCCCNNNNNNNNNNNNNNNN
5,117814194,G,A,AGGAATGTCACAAAGAGTGGAAATGCAGCCTGGAACGTGTATGTGTGAGGCTCAGACCCGACGACTGGGCCGGCTGGACGAACGAAGCCCGCTGGACGATGGGCACACCGAGAAATGTGGGTGAGCCCCCGCCCCGGTCCAGGCACAAAGGTGAGTAGGCCCCCCTCCAAAGCAGGCGTGGTGTTTCTCTCTGATGTTAACTTGTGGACGAGAGGAGAAAACACCCAGGCACACACACTTCCAGGATCCAAACCAAACGCCCAGGGAGCCTCCCAACAGGACTCTGCTGGAACTCCAACAGCAGATCAAGATGCTGCGTCCCCGGGGGCCCAGGTTGGGTCTGGGGGGCGCCCCACGTGCAGACAGTCCCTGGATGCTCTGGTAGCGACTCTGACGCTCAGCTTCCCCGCCTGTAACACACAAGTGGGAATGCCCTCCCGCCCCCTAGGCAGGCTGCGGCACCTCCCAGACCCGGAGCACTGACCAGGCCCCCACACAGGGGCTCTGGGCTCTGCGATGGAGAGCTAGGTCCACCTCTCTTGTGGGGAGGGATTTGCCCCAAAGCCACCCAGGCAGGAGCAGAGAAGGAGGGTGGGATGCAAGGTAGTGGCTGCACACTGTTAAATATAGAGTAGATGTACAACATCCATGTGCACCGCAGGGAACGATGCTCGATGTCCCGGGGTAAAACCACGGTGGGAAAGAATATCTATCAATCCCTTTTCTGGGCAGCAGAAATTAAACCCAACATTGTAAATCAACTATACTTCAATAAAATGTAGAAAAAGAAGTCANNNNNNNNNNNNNNNNNNNNNNNNNNNNNNNNNNNNNNNNNNNNNNNNNNNNNNNNNNNNNNNNNNNNNNNNNNNNNNNNNNNNNNNNNNNNNNNNNNNNNNNNNNNNNNNNNNNNNNNNNNNNNNNNNNNNNNNNNNNNAGAACCTTCTTCAGTGAAATTGGCAGGAGCTCAGAGTTCCCCNNNNNNNNNNNNNNNNNNNNNNNNNNN,AGGAATGTCACAAAGAGTGGAAATGCAGCCTGGAACGTGTATGTGTGAGGCTCAGACCCGACGACTGGGCCGGCTGGACGAACGAAGCCCGCTGGACGATGGGCACACCGAGAAATGTGGGTGAGCCCCCGCCCCGGTCCAGGCACAAAGGTGAGTAGGCCCCCCTCCAAAGCAGGCGTGGTGTTTCTCTCTGATGTTAACTTGTGGACGAGAGGAGAAAACACCCAGGCACACACACTTCCAGGATCCAAACCAAACGCCCAGGGAGCCTCCCAACAGGACTCTGCTGGAACTCCAACAGCAGATCAAGATGCTGCGTCCCCGGGGGCCCAGGTTGGGTCTGGGGGGCGCCCCACGTGCAGACAGTCCCTGGATGCTCTGGTAGCGACTCTGACGCTCAGCTTCCCCGCCTGTAACACACAAGTGGGAATGCCCTCCCGCCCCCTAGGCAGGCTGCGGCACCTCCCAGACCCGGAGCACTGACCAGGCCCCCACACAGGGACTCTGGGCTCTGCGATGGAGAGCTAGGTCCACCTCTCTTGTGGGGAGGGATTTGCCCCAAAGCCACCCAGGCAGGAGCAGAGAAGGAGGGTGGGATGCAAGGTAGTGGCTGCACACTGTTAAATATAGAGTAGATGTACAACATCCATGTGCACCGCAGGGAACGATGCTCGATGTCCCGGGGTAAAACCACGGTGGGAAAGAATATCTATCAATCCCTTTTCTGGGCAGCAGAAATTAAACCCAACATTGTAAATCAACTATACTTCAATAAAATGTAGAAAAAGAAGTCANNNNNNNNNNNNNNNNNNNNNNNNNNNNNNNNNNNNNNNNNNNNNNNNNNNNNNNNNNNNNNNNNNNNNNNNNNNNNNNNNNNNNNNNNNNNNNNNNNNNNNNNNNNNNNNNNNNNNNNNNNNNNNNNNNNNNNNNNNNNAGAACCTTCTTCAGTGAAATTGGCAGGAGCTCAGAGTTCCCCNNNNNNNNNNNNNNNNNNNNNNNNNNN
5,117814588,T,C,CGCTCAGCTTCCCCGCCTGTAACACACAAGTGGGAATGCCCTCCCGCCCCCTAGGCAGGCTGCGGCACCTCCCAGACCCGGAGCACTGACCAGGCCCCCACACAGGGGCTCTGGGCTCTGCGATGGAGAGCTAGGTCCACCTCTCTTGTGGGGAGGGATTTGCCCCAAAGCCACCCAGGCAGGAGCAGAGAAGGAGGGTGGGATGCAAGGTAGTGGCTGCACACTGTTAAATATAGAGTAGATGTACAACATCCATGTGCACCGCAGGGAACGATGCTCGATGTCCCGGGGTAAAACCACGGTGGGAAAGAATATCTATCAATCCCTTTTCTGGGCAGCAGAAATTAAACCCAACATTGTAAATCAACTATACTTCAATAAAATGTAGAAAAAGAAGTCANNNNNNNNNNNNNNNNNNNNNNNNNNNNNNNNNNNNNNNNNNNNNNNNNNNNNNNNNNNNNNNNNNNNNNNNNNNNNNNNNNNNNNNNNNNNNNNNNNNNNNNNNNNNNNNNNNNNNNNNNNNNNNNNNNNNNNNNNNNNAGAACCTTCTTCAGTGAAATTGGCAGGAGCTCAGAGTTCCCCNNNNNNNNNNNNNNNNNNNNNNNNNNNNNNNNNNNNNNNNNNNNNNNNNNNNNNNNNNNNNNNNNNNNNNNNNNNNNNNNNNNNNNNNNNNNNNNNNNNNNNNNNNNNNNNNNNNNNNNNNNNNNNNNNNNNNNNNNNNNNNNNNNNNNNNNNNNNNNNNNNNNAGCAGTAAACATATTTACTTCTTGAATTTAACATTAAGACCTAAGCCCAGGCCTTCTTGACCCTTTTCCTCTGAGACAAGGGACGCCCGCACCCTAGGATGGGCACAGTGTCCCCCAGGGCGTGGGCAGCACACTGCTGCATGGAAGCCTGACGGGGCCACCGGGCAGGGCGCACGGCTGGCCGAAAGGGGCACCTGCTCCTGCCTGCTTCGCCTGCCGGGGACCTGGGGCAGGGGACACGCTGCCCAGCTTGGCAG,CGCTCAGCTTCCCCGCCTGTAACACACAAGTGGGAATGCCCTCCCGCCCCCTAGGCAGGCTGCGGCACCTCCCAGACCCGGAGCACTGACCAGGCCCCCACACAGGGGCTCTGGGCTCTGCGATGGAGAGCTAGGTCCACCTCTCTTGTGGGGAGGGATTTGCCCCAAAGCCACCCAGGCAGGAGCAGAGAAGGAGGGTGGGATGCAAGGTAGTGGCTGCACACTGTTAAATATAGAGTAGATGTACAACATCCATGTGCACCGCAGGGAACGATGCTCGATGTCCCGGGGTAAAACCACGGTGGGAAAGAATATCTATCAATCCCTTTTCTGGGCAGCAGAAATTAAACCCAACATTGTAAATCAACTATACTTCAATAAAATGTAGAAAAAGAAGTCANNNNNNNNNNNNNNNNNNNNNNNNNNNNNNNNNNNNNNNNNNNNNNNNNNNNNNNNNNNNNNNNNNNNNNNNNNNNNNNNNNNNNNNNNNNNNNNNNNNNNCNNNNNNNNNNNNNNNNNNNNNNNNNNNNNNNNNNNNNNAGAACCTTCTTCAGTGAAATTGGCAGGAGCTCAGAGTTCCCCNNNNNNNNNNNNNNNNNNNNNNNNNNNNNNNNNNNNNNNNNNNNNNNNNNNNNNNNNNNNNNNNNNNNNNNNNNNNNNNNNNNNNNNNNNNNNNNNNNNNNNNNNNNNNNNNNNNNNNNNNNNNNNNNNNNNNNNNNNNNNNNNNNNNNNNNNNNNNNNNNNNNAGCAGTAAACATATTTACTTCTTGAATTTAACATTAAGACCTAAGCCCAGGCCTTCTTGACCCTTTTCCTCTGAGACAAGGGACGCCCGCACCCTAGGATGGGCACAGTGTCCCCCAGGGCGTGGGCAGCACACTGCTGCATGGAAGCCTGACGGGGCCACCGGGCAGGGCGCACGGCTGGCCGAAAGGGGCACCTGCTCCTGCCTGCTTCGCCTGCCGGGGACCTGGGGCAGGGGACACGCTGCCCAGCTTGGCAG
5,117814778,G,A,AAGGAGGGTGGGATGCAAGGTAGTGGCTGCACACTGTTAAATATAGAGTAGATGTACAACATCCATGTGCACCGCAGGGAACGATGCTCGATGTCCCGGGGTAAAACCACGGTGGGAAAGAATATCTATCAATCCCTTTTCTGGGCAGCAGAAATTAAACCCAACATTGTAAATCAACTATACTTCAATAAAATGTAGAAAAAGAAGTCANNNNNNNNNNNNNNNNNNNNNNNNNNNNNNNNNNNNNNNNNNNNNNNNNNNNNNNNNNNNNNNNNNNNNNNNNNNNNNNNNNNNNNNNNNNNNNNNNNNNNNNNNNNNNNNNNNNNNNNNNNNNNNNNNNNNNNNNNNNNAGAACCTTCTTCAGTGAAATTGGCAGGAGCTCAGAGTTCCCCNNNNNNNNNNNNNNNNNNNNNNNNNNNNNNNNNNNNNNNNNNNNNNNNNNNNNNNNNNNNNNNNNNNNNNNNNNNNNNNNNNNNNNNNNNNNNNNNNNNNNNNNNNNNNNNNNNNNNNNNNNNNNNNNNNNNNNNNNNNNNNNNNNNNNNNNNNNNNNNNNNNNAGCAGTAAACATATTTACTTCTTGAATTTAACATTAAGACCTAAGCCCAGGCCTTCTTGACCCTTTTCCTCTGAGACAAGGGACGCCCGCACCCTAGGATGGGCACAGTGTCCCCCAGGGCGTGGGCAGCACACTGCTGCATGGAAGCCTGACGGGGCCACCGGGCAGGGCGCACGGCTGGCCGAAAGGGGCACCTGCTCCTGCCTGCTTCGCCTGCCGGGGACCTGGGGCAGGGGACACGCTGCCCAGCTTGGCAGCATCTCCTGGAGAGAGGCTAAGTCCAGTGTCATTCAGAACTGAGGACCCGGGCCCCCTGCCGAGTCCCTGATACTGGGCTGGCTGTCACACCAACGCAGCCAGGGCCCAAGGCTGGCAGGGGCCAGGGGACAGCAAGGTCCACAGCCTCCAACGAGCATCACCTCCAAAAGGCCAAGAGGTCACATCCTT,AAGGAGGGTGGGATGCAAGGTAGTGGCTGCACACTGTTAAATATAGAGTAGATGTACAACATCCATGTGCACCGCAGGGAACGATGCTCGATGTCCCGGGGTAAAACCACGGTGGGAAAGAATATCTATCAATCCCTTTTCTGGGCAGCAGAAATTAAACCCAACATTGTAAATCAACTATACTTCAATAAAATGTAGAAAAAGAAGTCANNNNNNNNNNNNNNNNNNNNNNNNNNNNNNNNNNNNNNNNNNNNNNNNNNNNNNNNNNNNNNNNNNNNNNNNNNNNNNNNNNNNNNNNNNNNNNNNNNNNNNNNNNNNNNNNNNNNNNNNNNNNNNNNNNNNNNNNNNNNAGAACCTTCTTCAGTGAAATTGGCAGGAGCTCAGAGTTCCCCNNNNNNNNNNNNNNNNNNNNNNNNNNNNNNNNNNNNNNNNNNNNNNNNNNNNNNNNNNNNNNNNNNNNNNNNNNNNNNNNNNNNNNNNNNNNNNNNNNNNNNNNNNNNNANNNNNNNNNNNNNNNNNNNNNNNNNNNNNNNNNNNNNNNNNNNNNNNNNNNNNNAGCAGTAAACATATTTACTTCTTGAATTTAACATTAAGACCTAAGCCCAGGCCTTCTTGACCCTTTTCCTCTGAGACAAGGGACGCCCGCACCCTAGGATGGGCACAGTGTCCCCCAGGGCGTGGGCAGCACACTGCTGCATGGAAGCCTGACGGGGCCACCGGGCAGGGCGCACGGCTGGCCGAAAGGGGCACCTGCTCCTGCCTGCTTCGCCTGCCGGGGACCTGGGGCAGGGGACACGCTGCCCAGCTTGGCAGCATCTCCTGGAGAGAGGCTAAGTCCAGTGTCATTCAGAACTGAGGACCCGGGCCCCCTGCCGAGTCCCTGATACTGGGCTGGCTGTCACACCAACGCAGCCAGGGCCCAAGGCTGGCAGGGGCCAGGGGACAGCAAGGTCCACAGCCTCCAACGAGCATCACCTCCAAAAGGCCAAGAGGTCACATCCTT
5,117814932,T,A,TTAAACCCAACATTGTAAATCAACTATACTTCAATAAAATGTAGAAAAAGAAGTCANNNNNNNNNNNNNNNNNNNNNNNNNNNNNNNNNNNNNNNNNNNNNNNNNNNNNNNNNNNNNNNNNNNNNNNNNNNNNNNNNNNNNNNNNNNNNNNNNNNNNNNNNNNNNNNNNNNNNNNNNNNNNNNNNNNNNNNNNNNNAGAACCTTCTTCAGTGAAATTGGCAGGAGCTCAGAGTTCCCCNNNNNNNNNNNNNNNNNNNNNNNNNNNNNNNNNNNNNNNNNNNNNNNNNNNNNNNNNNNNNNNNNNNNNNNNNNNNNNNNNNNNNNNNNNNNNNNNNNNNNNNNNNNNNNNNNNNNNNNNNNNNNNNNNNNNNNNNNNNNNNNNNNNNNNNNNNNNNNNNNNNNAGCAGTAAACATATTTACTTCTTGAATTTAACATTAAGACCTAAGCCCAGGCCTTCTTGACCCTTTTCCTCTGAGACAAGGGACGCCCGCACCCTAGGATGGGCACAGTGTCCCCCAGGGCGTGGGCAGCACACTGCTGCATGGAAGCCTGACGGGGCCACCGGGCAGGGCGCACGGCTGGCCGAAAGGGGCACCTGCTCCTGCCTGCTTCGCCTGCCGGGGACCTGGGGCAGGGGACACGCTGCCCAGCTTGGCAGCATCTCCTGGAGAGAGGCTAAGTCCAGTGTCATTCAGAACTGAGGACCCGGGCCCCCTGCCGAGTCCCTGATACTGGGCTGGCTGTCACACCAACGCAGCCAGGGCCCAAGGCTGGCAGGGGCCAGGGGACAGCAAGGTCCACAGCCTCCAACGAGCATCACCTCCAAAAGGCCAAGAGGTCACATCCTTACCCCACTTAGCAGAGTCCCCTGACTCCCACTCTCCACCCCAGACCCCTGAGCCAGGTTCAGCTGTAAAACCGAGGTGAAAACGGGGCCTCCCGGGTGGGATTAAATGCACAGGGACATTTGTGAAGGGAACATTCCAGGAAGTTTGTTGCTGC,TTAAACCCAACATTGTAAATCAACTATACTTCAATAAAATGTAGAAAAAGAAGTCANNNNNNNNNNNNNNNNNNNNNNNNNNNNNNNNNNNNNNNNNNNNNNNNNNNNNNNNNNNNNNNNNNNNNNNNNNNNNNNNNNNNNNNNNNNNNNNNNNNNNNNNNNNNNNNNNNNNNNNNNNNNNNNNNNNNNNNNNNNNAGAACCTTCTTCAGTGAAATTGGCAGGAGCTCAGAGTTCCCCNNNNNNNNNNNNNNNNNNNNNNNNNNNNNNNNNNNNNNNNNNNNNNNNNNNNNNNNNNNNNNNNNNNNNNNNNNNNNNNNNNNNNNNNNNNNNNNNNNNNNNNNNNNNNNNNNNNNNNNNNNNNNNNNNNNNNNNNNNNNNNNNNNNNNNNNNNNNNNNNNNNNAGCAGTAAACATATTTACTTCTTGAATTTAACATTAAGACCTAAGCCCAGGCCTTCTTGACCCTTTTCCTCTGAGACAAGGGACGCCCGCACCCTAGGAAGGGCACAGTGTCCCCCAGGGCGTGGGCAGCACACTGCTGCATGGAAGCCTGACGGGGCCACCGGGCAGGGCGCACGGCTGGCCGAAAGGGGCACCTGCTCCTGCCTGCTTCGCCTGCCGGGGACCTGGGGCAGGGGACACGCTGCCCAGCTTGGCAGCATCTCCTGGAGAGAGGCTAAGTCCAGTGTCATTCAGAACTGAGGACCCGGGCCCCCTGCCGAGTCCCTGATACTGGGCTGGCTGTCACACCAACGCAGCCAGGGCCCAAGGCTGGCAGGGGCCAGGGGACAGCAAGGTCCACAGCCTCCAACGAGCATCACCTCCAAAAGGCCAAGAGGTCACATCCTTACCCCACTTAGCAGAGTCCCCTGACTCCCACTCTCCACCCCAGACCCCTGAGCCAGGTTCAGCTGTAAAACCGAGGTGAAAACGGGGCCTCCCGGGTGGGATTAAATGCACAGGGACATTTGTGAAGGGAACATTCCAGGAAGTTTGTTGCTGC
5,117814995,G,A,NNNNNNNNNNNNNNNNNNNNNNNNNNNNNNNNNNNNNNNNNNNNNNNNNNNNNNNNNNNNNNNNNNNNNNNNNNNNNNNNNNNNNNNNNNNNNNNNNNNNNNNNNNNNNNNNNNNNNNNNNNNNNNNNNNNNNAGAACCTTCTTCAGTGAAATTGGCAGGAGCTCAGAGTTCCCCNNNNNNNNNNNNNNNNNNNNNNNNNNNNNNNNNNNNNNNNNNNNNNNNNNNNNNNNNNNNNNNNNNNNNNNNNNNNNNNNNNNNNNNNNNNNNNNNNNNNNNNNNNNNNNNNNNNNNNNNNNNNNNNNNNNNNNNNNNNNNNNNNNNNNNNNNNNNNNNNNNNNAGCAGTAAACATATTTACTTCTTGAATTTAACATTAAGACCTAAGCCCAGGCCTTCTTGACCCTTTTCCTCTGAGACAAGGGACGCCCGCACCCTAGGATGGGCACAGTGTCCCCCAGGGCGTGGGCAGCACACTGCTGCATGGAAGCCTGACGGGGCCACCGGGCAGGGCGCACGGCTGGCCGAAAGGGGCACCTGCTCCTGCCTGCTTCGCCTGCCGGGGACCTGGGGCAGGGGACACGCTGCCCAGCTTGGCAGCATCTCCTGGAGAGAGGCTAAGTCCAGTGTCATTCAGAACTGAGGACCCGGGCCCCCTGCCGAGTCCCTGATACTGGGCTGGCTGTCACACCAACGCAGCCAGGGCCCAAGGCTGGCAGGGGCCAGGGGACAGCAAGGTCCACAGCCTCCAACGAGCATCACCTCCAAAAGGCCAAGAGGTCACATCCTTACCCCACTTAGCAGAGTCCCCTGACTCCCACTCTCCACCCCAGACCCCTGAGCCAGGTTCAGCTGTAAAACCGAGGTGAAAACGGGGCCTCCCGGGTGGGATTAAATGCACAGGGACATTTGTGAAGGGAACATTCCAGGAAGTTTGTTGCTGCCGCGCTGTTGCTAAGAAAGGCGGGAAGAAAGCCAAAATACACACAAACGGCCGTTCTCCCTGT,NNNNNNNNNNNNNNNNNNNNNNNNNNNNNNNNNNNNNNNNNNNNNNNNNNNNNNNNNNNNNNNNNNNNNNNNNNNNNNNNNNNNNNNNNNNNNNNNNNNNNNNNNNNNNNNNNNNNNNNNNNNNNNNNNNNNNAGAACCTTCTTCAGTGAAATTGGCAGGAGCTCAGAGTTCCCCNNNNNNNNNNNNNNNNNNNNNNNNNNNNNNNNNNNNNNNNNNNNNNNNNNNNNNNNNNNNNNNNNNNNNNNNNNNNNNNNNNNNNNNNNNNNNNNNNNNNNNNNNNNNNNNNNNNNNNNNNNNNNNNNNNNNNNNNNNNNNNNNNNNNNNNNNNNNNNNNNNNNAGCAGTAAACATATTTACTTCTTGAATTTAACATTAAGACCTAAGCCCAGGCCTTCTTGACCCTTTTCCTCTGAGACAAGGGACGCCCGCACCCTAGGATGGGCACAGTGTCCCCCAGGGCGTGGGCAGCACACTGCTGCATGGAAGCCTGACGGGGCCACCAGGCAGGGCGCACGGCTGGCCGAAAGGGGCACCTGCTCCTGCCTGCTTCGCCTGCCGGGGACCTGGGGCAGGGGACACGCTGCCCAGCTTGGCAGCATCTCCTGGAGAGAGGCTAAGTCCAGTGTCATTCAGAACTGAGGACCCGGGCCCCCTGCCGAGTCCCTGATACTGGGCTGGCTGTCACACCAACGCAGCCAGGGCCCAAGGCTGGCAGGGGCCAGGGGACAGCAAGGTCCACAGCCTCCAACGAGCATCACCTCCAAAAGGCCAAGAGGTCACATCCTTACCCCACTTAGCAGAGTCCCCTGACTCCCACTCTCCACCCCAGACCCCTGAGCCAGGTTCAGCTGTAAAACCGAGGTGAAAACGGGGCCTCCCGGGTGGGATTAAATGCACAGGGACATTTGTGAAGGGAACATTCCAGGAAGTTTGTTGCTGCCGCGCTGTTGCTAAGAAAGGCGGGAAGAAAGCCAAAATACACACAAACGGCCGTTCTCCCTGT
5,117815073,G,A,NNNNNNNNNNNNNNNNNNNNNNNNNNNNNNNNNNNNNNNNNNNNNNNNNNNNNNNAGAACCTTCTTCAGTGAAATTGGCAGGAGCTCAGAGTTCCCCNNNNNNNNNNNNNNNNNNNNNNNNNNNNNNNNNNNNNNNNNNNNNNNNNNNNNNNNNNNNNNNNNNNNNNNNNNNNNNNNNNNNNNNNNNNNNNNNNNNNNNNNNNNNNNNNNNNNNNNNNNNNNNNNNNNNNNNNNNNNNNNNNNNNNNNNNNNNNNNNNNNNAGCAGTAAACATATTTACTTCTTGAATTTAACATTAAGACCTAAGCCCAGGCCTTCTTGACCCTTTTCCTCTGAGACAAGGGACGCCCGCACCCTAGGATGGGCACAGTGTCCCCCAGGGCGTGGGCAGCACACTGCTGCATGGAAGCCTGACGGGGCCACCGGGCAGGGCGCACGGCTGGCCGAAAGGGGCACCTGCTCCTGCCTGCTTCGCCTGCCGGGGACCTGGGGCAGGGGACACGCTGCCCAGCTTGGCAGCATCTCCTGGAGAGAGGCTAAGTCCAGTGTCATTCAGAACTGAGGACCCGGGCCCCCTGCCGAGTCCCTGATACTGGGCTGGCTGTCACACCAACGCAGCCAGGGCCCAAGGCTGGCAGGGGCCAGGGGACAGCAAGGTCCACAGCCTCCAACGAGCATCACCTCCAAAAGGCCAAGAGGTCACATCCTTACCCCACTTAGCAGAGTCCCCTGACTCCCACTCTCCACCCCAGACCCCTGAGCCAGGTTCAGCTGTAAAACCGAGGTGAAAACGGGGCCTCCCGGGTGGGATTAAATGCACAGGGACATTTGTGAAGGGAACATTCCAGGAAGTTTGTTGCTGCCGCGCTGTTGCTAAGAAAGGCGGGAAGAAAGCCAAAATACACACAAACGGCCGTTCTCCCTGTATTTTCGCCACGCTGTTTTCCTGCATGAAAAATATATAGCTTCTTTTTTTAACACCTTTAAAGAAAATACAANNNNNN,NNNNNNNNNNNNNNNNNNNNNNNNNNNNNNNNNNNNNNNNNNNNNNNNNNNNNNNAGAACCTTCTTCAGTGAAATTGGCAGGAGCTCAGAGTTCCCCNNNNNNNNNNNNNNNNNNNNNNNNNNNNNNNNNNNNNNNNNNNNNNNNNNNNNNNNNNNNNNNNNNNNNNNNNNNNNNNNNNNNNNNNNNNNNNNNNNNNNNNNNNNNNNNNNNNNNNNNNNNNNNNNNNNNNNNNNNNNNNNNNNNNNNNNNNNNNNNNNNNNAGCAGTAAACATATTTACTTCTTGAATTTAACATTAAGACCTAAGCCCAGGCCTTCTTGACCCTTTTCCTCTGAGACAAGGGACGCCCGCACCCTAGGATGGGCACAGTGTCCCCCAGGGCGTGGGCAGCACACTGCTGCATGGAAGCCTGACGGGGCCACCGGGCAGGGCGCACGGCTGGCCGAAAGGGGCACCTGCTCCTGCCTGCTTCGCCTGCCGGGGACCTGGGGCAGGGGACACACTGCCCAGCTTGGCAGCATCTCCTGGAGAGAGGCTAAGTCCAGTGTCATTCAGAACTGAGGACCCGGGCCCCCTGCCGAGTCCCTGATACTGGGCTGGCTGTCACACCAACGCAGCCAGGGCCCAAGGCTGGCAGGGGCCAGGGGACAGCAAGGTCCACAGCCTCCAACGAGCATCACCTCCAAAAGGCCAAGAGGTCACATCCTTACCCCACTTAGCAGAGTCCCCTGACTCCCACTCTCCACCCCAGACCCCTGAGCCAGGTTCAGCTGTAAAACCGAGGTGAAAACGGGGCCTCCCGGGTGGGATTAAATGCACAGGGACATTTGTGAAGGGAACATTCCAGGAAGTTTGTTGCTGCCGCGCTGTTGCTAAGAAAGGCGGGAAGAAAGCCAAAATACACACAAACGGCCGTTCTCCCTGTATTTTCGCCACGCTGTTTTCCTGCATGAAAAATATATAGCTTCTTTTTTTAACACCTTTAAAGAAAATACAANNNNNN
5,117815077,C,T,NNNNNNNNNNNNNNNNNNNNNNNNNNNNNNNNNNNNNNNNNNNNNNNNNNNAGAACCTTCTTCAGTGAAATTGGCAGGAGCTCAGAGTTCCCCNNNNNNNNNNNNNNNNNNNNNNNNNNNNNNNNNNNNNNNNNNNNNNNNNNNNNNNNNNNNNNNNNNNNNNNNNNNNNNNNNNNNNNNNNNNNNNNNNNNNNNNNNNNNNNNNNNNNNNNNNNNNNNNNNNNNNNNNNNNNNNNNNNNNNNNNNNNNNNNNNNNNAGCAGTAAACATATTTACTTCTTGAATTTAACATTAAGACCTAAGCCCAGGCCTTCTTGACCCTTTTCCTCTGAGACAAGGGACGCCCGCACCCTAGGATGGGCACAGTGTCCCCCAGGGCGTGGGCAGCACACTGCTGCATGGAAGCCTGACGGGGCCACCGGGCAGGGCGCACGGCTGGCCGAAAGGGGCACCTGCTCCTGCCTGCTTCGCCTGCCGGGGACCTGGGGCAGGGGACACGCTGCCCAGCTTGGCAGCATCTCCTGGAGAGAGGCTAAGTCCAGTGTCATTCAGAACTGAGGACCCGGGCCCCCTGCCGAGTCCCTGATACTGGGCTGGCTGTCACACCAACGCAGCCAGGGCCCAAGGCTGGCAGGGGCCAGGGGACAGCAAGGTCCACAGCCTCCAACGAGCATCACCTCCAAAAGGCCAAGAGGTCACATCCTTACCCCACTTAGCAGAGTCCCCTGACTCCCACTCTCCACCCCAGACCCCTGAGCCAGGTTCAGCTGTAAAACCGAGGTGAAAACGGGGCCTCCCGGGTGGGATTAAATGCACAGGGACATTTGTGAAGGGAACATTCCAGGAAGTTTGTTGCTGCCGCGCTGTTGCTAAGAAAGGCGGGAAGAAAGCCAAAATACACACAAACGGCCGTTCTCCCTGTATTTTCGCCACGCTGTTTTCCTGCATGAAAAATATATAGCTTCTTTTTTTAACACCTTTAAAGAAAATACAANNNNNNNNNN,NNNNNNNNNNNNNNNNNNNNNNNNNNNNNNNNNNNNNNNNNNNNNNNNNNNAGAACCTTCTTCAGTGAAATTGGCAGGAGCTCAGAGTTCCCCNNNNNNNNNNNNNNNNNNNNNNNNNNNNNNNNNNNNNNNNNNNNNNNNNNNNNNNNNNNNNNNNNNNNNNNNNNNNNNNNNNNNNNNNNNNNNNNNNNNNNNNNNNNNNNNNNNNNNNNNNNNNNNNNNNNNNNNNNNNNNNNNNNNNNNNNNNNNNNNNNNNNAGCAGTAAACATATTTACTTCTTGAATTTAACATTAAGACCTAAGCCCAGGCCTTCTTGACCCTTTTCCTCTGAGACAAGGGACGCCCGCACCCTAGGATGGGCACAGTGTCCCCCAGGGCGTGGGCAGCACACTGCTGCATGGAAGCCTGACGGGGCCACCGGGCAGGGCGCACGGCTGGCCGAAAGGGGCACCTGCTCCTGCCTGCTTCGCCTGCCGGGGACCTGGGGCAGGGGACACGCTGTCCAGCTTGGCAGCATCTCCTGGAGAGAGGCTAAGTCCAGTGTCATTCAGAACTGAGGACCCGGGCCCCCTGCCGAGTCCCTGATACTGGGCTGGCTGTCACACCAACGCAGCCAGGGCCCAAGGCTGGCAGGGGCCAGGGGACAGCAAGGTCCACAGCCTCCAACGAGCATCACCTCCAAAAGGCCAAGAGGTCACATCCTTACCCCACTTAGCAGAGTCCCCTGACTCCCACTCTCCACCCCAGACCCCTGAGCCAGGTTCAGCTGTAAAACCGAGGTGAAAACGGGGCCTCCCGGGTGGGATTAAATGCACAGGGACATTTGTGAAGGGAACATTCCAGGAAGTTTGTTGCTGCCGCGCTGTTGCTAAGAAAGGCGGGAAGAAAGCCAAAATACACACAAACGGCCGTTCTCCCTGTATTTTCGCCACGCTGTTTTCCTGCATGAAAAATATATAGCTTCTTTTTTTAACACCTTTAAAGAAAATACAANNNNNNNNNN
5,117815129,C,G,GAACCTTCTTCAGTGAAATTGGCAGGAGCTCAGAGTTCCCCNNNNNNNNNNNNNNNNNNNNNNNNNNNNNNNNNNNNNNNNNNNNNNNNNNNNNNNNNNNNNNNNNNNNNNNNNNNNNNNNNNNNNNNNNNNNNNNNNNNNNNNNNNNNNNNNNNNNNNNNNNNNNNNNNNNNNNNNNNNNNNNNNNNNNNNNNNNNNNNNNNNNAGCAGTAAACATATTTACTTCTTGAATTTAACATTAAGACCTAAGCCCAGGCCTTCTTGACCCTTTTCCTCTGAGACAAGGGACGCCCGCACCCTAGGATGGGCACAGTGTCCCCCAGGGCGTGGGCAGCACACTGCTGCATGGAAGCCTGACGGGGCCACCGGGCAGGGCGCACGGCTGGCCGAAAGGGGCACCTGCTCCTGCCTGCTTCGCCTGCCGGGGACCTGGGGCAGGGGACACGCTGCCCAGCTTGGCAGCATCTCCTGGAGAGAGGCTAAGTCCAGTGTCATTCAGAACTGAGGACCCGGGCCCCCTGCCGAGTCCCTGATACTGGGCTGGCTGTCACACCAACGCAGCCAGGGCCCAAGGCTGGCAGGGGCCAGGGGACAGCAAGGTCCACAGCCTCCAACGAGCATCACCTCCAAAAGGCCAAGAGGTCACATCCTTACCCCACTTAGCAGAGTCCCCTGACTCCCACTCTCCACCCCAGACCCCTGAGCCAGGTTCAGCTGTAAAACCGAGGTGAAAACGGGGCCTCCCGGGTGGGATTAAATGCACAGGGACATTTGTGAAGGGAACATTCCAGGAAGTTTGTTGCTGCCGCGCTGTTGCTAAGAAAGGCGGGAAGAAAGCCAAAATACACACAAACGGCCGTTCTCCCTGTATTTTCGCCACGCTGTTTTCCTGCATGAAAAATATATAGCTTCTTTTTTTAACACCTTTAAAGAAAATACAANNNNNNNNNNNNNNNNNNNNNNNNNNNNNNNNNNNNNNNNNNNNNNNNNNNNNNNNNNNNNN,GAACCTTCTTCAGTGAAATTGGCAGGAGCTCAGAGTTCCCCNNNNNNNNNNNNNNNNNNNNNNNNNNNNNNNNNNNNNNNNNNNNNNNNNNNNNNNNNNNNNNNNNNNNNNNNNNNNNNNNNNNNNNNNNNNNNNNNNNNNNNNNNNNNNNNNNNNNNNNNNNNNNNNNNNNNNNNNNNNNNNNNNNNNNNNNNNNNNNNNNNNNAGCAGTAAACATATTTACTTCTTGAATTTAACATTAAGACCTAAGCCCAGGCCTTCTTGACCCTTTTCCTCTGAGACAAGGGACGCCCGCACCCTAGGATGGGCACAGTGTCCCCCAGGGCGTGGGCAGCACACTGCTGCATGGAAGCCTGACGGGGCCACCGGGCAGGGCGCACGGCTGGCCGAAAGGGGCACCTGCTCCTGCCTGCTTCGCCTGCCGGGGACCTGGGGCAGGGGACACGCTGCCCAGCTTGGCAGCATCTCCTGGAGAGAGGCTAAGTCCAGTGTCATTCAGAAGTGAGGACCCGGGCCCCCTGCCGAGTCCCTGATACTGGGCTGGCTGTCACACCAACGCAGCCAGGGCCCAAGGCTGGCAGGGGCCAGGGGACAGCAAGGTCCACAGCCTCCAACGAGCATCACCTCCAAAAGGCCAAGAGGTCACATCCTTACCCCACTTAGCAGAGTCCCCTGACTCCCACTCTCCACCCCAGACCCCTGAGCCAGGTTCAGCTGTAAAACCGAGGTGAAAACGGGGCCTCCCGGGTGGGATTAAATGCACAGGGACATTTGTGAAGGGAACATTCCAGGAAGTTTGTTGCTGCCGCGCTGTTGCTAAGAAAGGCGGGAAGAAAGCCAAAATACACACAAACGGCCGTTCTCCCTGTATTTTCGCCACGCTGTTTTCCTGCATGAAAAATATATAGCTTCTTTTTTTAACACCTTTAAAGAAAATACAANNNNNNNNNNNNNNNNNNNNNNNNNNNNNNNNNNNNNNNNNNNNNNNNNNNNNNNNNNNNNN
5,117815130,T,A,AACCTTCTTCAGTGAAATTGGCAGGAGCTCAGAGTTCCCCNNNNNNNNNNNNNNNNNNNNNNNNNNNNNNNNNNNNNNNNNNNNNNNNNNNNNNNNNNNNNNNNNNNNNNNNNNNNNNNNNNNNNNNNNNNNNNNNNNNNNNNNNNNNNNNNNNNNNNNNNNNNNNNNNNNNNNNNNNNNNNNNNNNNNNNNNNNNNNNNNNNNAGCAGTAAACATATTTACTTCTTGAATTTAACATTAAGACCTAAGCCCAGGCCTTCTTGACCCTTTTCCTCTGAGACAAGGGACGCCCGCACCCTAGGATGGGCACAGTGTCCCCCAGGGCGTGGGCAGCACACTGCTGCATGGAAGCCTGACGGGGCCACCGGGCAGGGCGCACGGCTGGCCGAAAGGGGCACCTGCTCCTGCCTGCTTCGCCTGCCGGGGACCTGGGGCAGGGGACACGCTGCCCAGCTTGGCAGCATCTCCTGGAGAGAGGCTAAGTCCAGTGTCATTCAGAACTGAGGACCCGGGCCCCCTGCCGAGTCCCTGATACTGGGCTGGCTGTCACACCAACGCAGCCAGGGCCCAAGGCTGGCAGGGGCCAGGGGACAGCAAGGTCCACAGCCTCCAACGAGCATCACCTCCAAAAGGCCAAGAGGTCACATCCTTACCCCACTTAGCAGAGTCCCCTGACTCCCACTCTCCACCCCAGACCCCTGAGCCAGGTTCAGCTGTAAAACCGAGGTGAAAACGGGGCCTCCCGGGTGGGATTAAATGCACAGGGACATTTGTGAAGGGAACATTCCAGGAAGTTTGTTGCTGCCGCGCTGTTGCTAAGAAAGGCGGGAAGAAAGCCAAAATACACACAAACGGCCGTTCTCCCTGTATTTTCGCCACGCTGTTTTCCTGCATGAAAAATATATAGCTTCTTTTTTTAACACCTTTAAAGAAAATACAANNNNNNNNNNNNNNNNNNNNNNNNNNNNNNNNNNNNNNNNNNNNNNNNNNNNNNNNNNNNNNN,AACCTTCTTCAGTGAAATTGGCAGGAGCTCAGAGTTCCCCNNNNNNNNNNNNNNNNNNNNNNNNNNNNNNNNNNNNNNNNNNNNNNNNNNNNNNNNNNNNNNNNNNNNNNNNNNNNNNNNNNNNNNNNNNNNNNNNNNNNNNNNNNNNNNNNNNNNNNNNNNNNNNNNNNNNNNNNNNNNNNNNNNNNNNNNNNNNNNNNNNNNAGCAGTAAACATATTTACTTCTTGAATTTAACATTAAGACCTAAGCCCAGGCCTTCTTGACCCTTTTCCTCTGAGACAAGGGACGCCCGCACCCTAGGATGGGCACAGTGTCCCCCAGGGCGTGGGCAGCACACTGCTGCATGGAAGCCTGACGGGGCCACCGGGCAGGGCGCACGGCTGGCCGAAAGGGGCACCTGCTCCTGCCTGCTTCGCCTGCCGGGGACCTGGGGCAGGGGACACGCTGCCCAGCTTGGCAGCATCTCCTGGAGAGAGGCTAAGTCCAGTGTCATTCAGAACAGAGGACCCGGGCCCCCTGCCGAGTCCCTGATACTGGGCTGGCTGTCACACCAACGCAGCCAGGGCCCAAGGCTGGCAGGGGCCAGGGGACAGCAAGGTCCACAGCCTCCAACGAGCATCACCTCCAAAAGGCCAAGAGGTCACATCCTTACCCCACTTAGCAGAGTCCCCTGACTCCCACTCTCCACCCCAGACCCCTGAGCCAGGTTCAGCTGTAAAACCGAGGTGAAAACGGGGCCTCCCGGGTGGGATTAAATGCACAGGGACATTTGTGAAGGGAACATTCCAGGAAGTTTGTTGCTGCCGCGCTGTTGCTAAGAAAGGCGGGAAGAAAGCCAAAATACACACAAACGGCCGTTCTCCCTGTATTTTCGCCACGCTGTTTTCCTGCATGAAAAATATATAGCTTCTTTTTTTAACACCTTTAAAGAAAATACAANNNNNNNNNNNNNNNNNNNNNNNNNNNNNNNNNNNNNNNNNNNNNNNNNNNNNNNNNNNNNNN
5,117815224,A,G,NNNNNNNNNNNNNNNNNNNNNNNNNNNNNNNNNNNNNNNNNNNNNNNNNNNNNNNNNNNNNNNNNNNNNNNNNNNNNNNNNNNNNNNNNNNNNNNNNNNNNNNNNNNNNNAGCAGTAAACATATTTACTTCTTGAATTTAACATTAAGACCTAAGCCCAGGCCTTCTTGACCCTTTTCCTCTGAGACAAGGGACGCCCGCACCCTAGGATGGGCACAGTGTCCCCCAGGGCGTGGGCAGCACACTGCTGCATGGAAGCCTGACGGGGCCACCGGGCAGGGCGCACGGCTGGCCGAAAGGGGCACCTGCTCCTGCCTGCTTCGCCTGCCGGGGACCTGGGGCAGGGGACACGCTGCCCAGCTTGGCAGCATCTCCTGGAGAGAGGCTAAGTCCAGTGTCATTCAGAACTGAGGACCCGGGCCCCCTGCCGAGTCCCTGATACTGGGCTGGCTGTCACACCAACGCAGCCAGGGCCCAAGGCTGGCAGGGGCCAGGGGACAGCAAGGTCCACAGCCTCCAACGAGCATCACCTCCAAAAGGCCAAGAGGTCACATCCTTACCCCACTTAGCAGAGTCCCCTGACTCCCACTCTCCACCCCAGACCCCTGAGCCAGGTTCAGCTGTAAAACCGAGGTGAAAACGGGGCCTCCCGGGTGGGATTAAATGCACAGGGACATTTGTGAAGGGAACATTCCAGGAAGTTTGTTGCTGCCGCGCTGTTGCTAAGAAAGGCGGGAAGAAAGCCAAAATACACACAAACGGCCGTTCTCCCTGTATTTTCGCCACGCTGTTTTCCTGCATGAAAAATATATAGCTTCTTTTTTTAACACCTTTAAAGAAAATACAANNNNNNNNNNNNNNNNNNNNNNNNNNNNNNNNNNNNNNNNNNNNNNNNNNNNNNNNNNNNNNNNNNNNNNNNNNNNNNNNNNNNNNNNNNNNNNNNNNNNNNNNNNNNCCACACGCAGCAGACCAGGAGCGGCGAGCAGCCCGGGCTTCCGCGCGCC,NNNNNNNNNNNNNNNNNNNNNNNNNNNNNNNNNNNNNNNNNNNNNNNNNNNNNNNNNNNNNNNNNNNNNNNNNNNNNNNNNNNNNNNNNNNNNNNNNNNNNNNNNNNNNNAGCAGTAAACATATTTACTTCTTGAATTTAACATTAAGACCTAAGCCCAGGCCTTCTTGACCCTTTTCCTCTGAGACAAGGGACGCCCGCACCCTAGGATGGGCACAGTGTCCCCCAGGGCGTGGGCAGCACACTGCTGCATGGAAGCCTGACGGGGCCACCGGGCAGGGCGCACGGCTGGCCGAAAGGGGCACCTGCTCCTGCCTGCTTCGCCTGCCGGGGACCTGGGGCAGGGGACACGCTGCCCAGCTTGGCAGCATCTCCTGGAGAGAGGCTAAGTCCAGTGTCATTCAGAACTGAGGACCCGGGCCCCCTGCCGAGTCCCTGATACTGGGCTGGCTGTCACACCAACGCAGCCAGGGCCCAAGGCTGGCAGGGGCCAGGGGACAGCGAGGTCCACAGCCTCCAACGAGCATCACCTCCAAAAGGCCAAGAGGTCACATCCTTACCCCACTTAGCAGAGTCCCCTGACTCCCACTCTCCACCCCAGACCCCTGAGCCAGGTTCAGCTGTAAAACCGAGGTGAAAACGGGGCCTCCCGGGTGGGATTAAATGCACAGGGACATTTGTGAAGGGAACATTCCAGGAAGTTTGTTGCTGCCGCGCTGTTGCTAAGAAAGGCGGGAAGAAAGCCAAAATACACACAAACGGCCGTTCTCCCTGTATTTTCGCCACGCTGTTTTCCTGCATGAAAAATATATAGCTTCTTTTTTTAACACCTTTAAAGAAAATACAANNNNNNNNNNNNNNNNNNNNNNNNNNNNNNNNNNNNNNNNNNNNNNNNNNNNNNNNNNNNNNNNNNNNNNNNNNNNNNNNNNNNNNNNNNNNNNNNNNNNNNNNNNNNCCACACGCAGCAGACCAGGAGCGGCGAGCAGCCCGGGCTTCCGCGCGCC
5,117815397,A,G,TTTTCCTCTGAGACAAGGGACGCCCGCACCCTAGGATGGGCACAGTGTCCCCCAGGGCGTGGGCAGCACACTGCTGCATGGAAGCCTGACGGGGCCACCGGGCAGGGCGCACGGCTGGCCGAAAGGGGCACCTGCTCCTGCCTGCTTCGCCTGCCGGGGACCTGGGGCAGGGGACACGCTGCCCAGCTTGGCAGCATCTCCTGGAGAGAGGCTAAGTCCAGTGTCATTCAGAACTGAGGACCCGGGCCCCCTGCCGAGTCCCTGATACTGGGCTGGCTGTCACACCAACGCAGCCAGGGCCCAAGGCTGGCAGGGGCCAGGGGACAGCAAGGTCCACAGCCTCCAACGAGCATCACCTCCAAAAGGCCAAGAGGTCACATCCTTACCCCACTTAGCAGAGTCCCCTGACTCCCACTCTCCACCCCAGACCCCTGAGCCAGGTTCAGCTGTAAAACCGAGGTGAAAACGGGGCCTCCCGGGTGGGATTAAATGCACAGGGACATTTGTGAAGGGAACATTCCAGGAAGTTTGTTGCTGCCGCGCTGTTGCTAAGAAAGGCGGGAAGAAAGCCAAAATACACACAAACGGCCGTTCTCCCTGTATTTTCGCCACGCTGTTTTCCTGCATGAAAAATATATAGCTTCTTTTTTTAACACCTTTAAAGAAAATACAANNNNNNNNNNNNNNNNNNNNNNNNNNNNNNNNNNNNNNNNNNNNNNNNNNNNNNNNNNNNNNNNNNNNNNNNNNNNNNNNNNNNNNNNNNNNNNNNNNNNNNNNNNNNCCACACGCAGCAGACCAGGAGCGGCGAGCAGCCCGGGCTTCCGCGCGCCGTCGCGGCAGTCCCCGGTCCTTCTCTAGGGCGCAGAGCACCGCTCAGCTCTGAGTCCCTCATGTGTCCGGCTGCCCGGCAGAATACTGTGCTGTGAGAATGGACCCTTCTTATTTGGGGAGCATTAAAAAGAGGAGACTTTTCACAAGGGTCAGAATCAGCTGGTCACCTTAA,TTTTCCTCTGAGACAAGGGACGCCCGCACCCTAGGATGGGCACAGTGTCCCCCAGGGCGTGGGCAGCACACTGCTGCATGGAAGCCTGACGGGGCCACCGGGCAGGGCGCACGGCTGGCCGAAAGGGGCACCTGCTCCTGCCTGCTTCGCCTGCCGGGGACCTGGGGCAGGGGACACGCTGCCCAGCTTGGCAGCATCTCCTGGAGAGAGGCTAAGTCCAGTGTCATTCAGAACTGAGGACCCGGGCCCCCTGCCGAGTCCCTGATACTGGGCTGGCTGTCACACCAACGCAGCCAGGGCCCAAGGCTGGCAGGGGCCAGGGGACAGCAAGGTCCACAGCCTCCAACGAGCATCACCTCCAAAAGGCCAAGAGGTCACATCCTTACCCCACTTAGCAGAGTCCCCTGACTCCCACTCTCCACCCCAGACCCCTGAGCCAGGTTCAGCTGTAAAACCGAGGTGAAAACGGGGCCTCCCGGGTGGGATTAAATGCACAGGGACGTTTGTGAAGGGAACATTCCAGGAAGTTTGTTGCTGCCGCGCTGTTGCTAAGAAAGGCGGGAAGAAAGCCAAAATACACACAAACGGCCGTTCTCCCTGTATTTTCGCCACGCTGTTTTCCTGCATGAAAAATATATAGCTTCTTTTTTTAACACCTTTAAAGAAAATACAANNNNNNNNNNNNNNNNNNNNNNNNNNNNNNNNNNNNNNNNNNNNNNNNNNNNNNNNNNNNNNNNNNNNNNNNNNNNNNNNNNNNNNNNNNNNNNNNNNNNNNNNNNNNCCACACGCAGCAGACCAGGAGCGGCGAGCAGCCCGGGCTTCCGCGCGCCGTCGCGGCAGTCCCCGGTCCTTCTCTAGGGCGCAGAGCACCGCTCAGCTCTGAGTCCCTCATGTGTCCGGCTGCCCGGCAGAATACTGTGCTGTGAGAATGGACCCTTCTTATTTGGGGAGCATTAAAAAGAGGAGACTTTTCACAAGGGTCAGAATCAGCTGGTCACCTTAA
5,117815637,G,A,CCCGGGCCCCCTGCCGAGTCCCTGATACTGGGCTGGCTGTCACACCAACGCAGCCAGGGCCCAAGGCTGGCAGGGGCCAGGGGACAGCAAGGTCCACAGCCTCCAACGAGCATCACCTCCAAAAGGCCAAGAGGTCACATCCTTACCCCACTTAGCAGAGTCCCCTGACTCCCACTCTCCACCCCAGACCCCTGAGCCAGGTTCAGCTGTAAAACCGAGGTGAAAACGGGGCCTCCCGGGTGGGATTAAATGCACAGGGACATTTGTGAAGGGAACATTCCAGGAAGTTTGTTGCTGCCGCGCTGTTGCTAAGAAAGGCGGGAAGAAAGCCAAAATACACACAAACGGCCGTTCTCCCTGTATTTTCGCCACGCTGTTTTCCTGCATGAAAAATATATAGCTTCTTTTTTTAACACCTTTAAAGAAAATACAANNNNNNNNNNNNNNNNNNNNNNNNNNNNNNNNNNNNNNNNNNNNNNNNNNNNNNNNNNNNNNNNNNNNNNNNNNNNNNNNNNNNNNNNNNNNNNNNNNNNNNNNNNNNCCACACGCAGCAGACCAGGAGCGGCGAGCAGCCCGGGCTTCCGCGCGCCGTCGCGGCAGTCCCCGGTCCTTCTCTAGGGCGCAGAGCACCGCTCAGCTCTGAGTCCCTCATGTGTCCGGCTGCCCGGCAGAATACTGTGCTGTGAGAATGGACCCTTCTTATTTGGGGAGCATTAAAAAGAGGAGACTTTTCACAAGGGTCAGAATCAGCTGGTCACCTTAACACGAACCACCGCAGAGCTGTCCATTTCTCAGGCAATGCAGTGACCCGACTCCTGAGGACTGCGGCCACAGGTCGAAGGAGGTGCTTTTGTGATAGTTGCTCAGACGTGGGAAAACCCAGGGCTGGGAGGCAGAGGTCCACCGAGCGTGGCCTGTGCGCTCGGCACTGCGTATGAAGAAGCACCTCCTACTGGCCCCAGCGATCTCCGTGGGGACGCCTTTTGTTCTGGAAAAGATCCTC,CCCGGGCCCCCTGCCGAGTCCCTGATACTGGGCTGGCTGTCACACCAACGCAGCCAGGGCCCAAGGCTGGCAGGGGCCAGGGGACAGCAAGGTCCACAGCCTCCAACGAGCATCACCTCCAAAAGGCCAAGAGGTCACATCCTTACCCCACTTAGCAGAGTCCCCTGACTCCCACTCTCCACCCCAGACCCCTGAGCCAGGTTCAGCTGTAAAACCGAGGTGAAAACGGGGCCTCCCGGGTGGGATTAAATGCACAGGGACATTTGTGAAGGGAACATTCCAGGAAGTTTGTTGCTGCCGCGCTGTTGCTAAGAAAGGCGGGAAGAAAGCCAAAATACACACAAACGGCCGTTCTCCCTGTATTTTCGCCACGCTGTTTTCCTGCATGAAAAATATATAGCTTCTTTTTTTAACACCTTTAAAGAAAATACAANNNNNNNNNNNNNNNNNNNNNNNNNNNNNNNNNNNNNNNNNNNNNNNNNNNNNNNNNNNNNNNNNNNNANNNNNNNNNNNNNNNNNNNNNNNNNNNNNNNNNNNNNNNCCACACGCAGCAGACCAGGAGCGGCGAGCAGCCCGGGCTTCCGCGCGCCGTCGCGGCAGTCCCCGGTCCTTCTCTAGGGCGCAGAGCACCGCTCAGCTCTGAGTCCCTCATGTGTCCGGCTGCCCGGCAGAATACTGTGCTGTGAGAATGGACCCTTCTTATTTGGGGAGCATTAAAAAGAGGAGACTTTTCACAAGGGTCAGAATCAGCTGGTCACCTTAACACGAACCACCGCAGAGCTGTCCATTTCTCAGGCAATGCAGTGACCCGACTCCTGAGGACTGCGGCCACAGGTCGAAGGAGGTGCTTTTGTGATAGTTGCTCAGACGTGGGAAAACCCAGGGCTGGGAGGCAGAGGTCCACCGAGCGTGGCCTGTGCGCTCGGCACTGCGTATGAAGAAGCACCTCCTACTGGCCCCAGCGATCTCCGTGGGGACGCCTTTTGTTCTGGAAAAGATCCTC
5,117815661,C,T,ATACTGGGCTGGCTGTCACACCAACGCAGCCAGGGCCCAAGGCTGGCAGGGGCCAGGGGACAGCAAGGTCCACAGCCTCCAACGAGCATCACCTCCAAAAGGCCAAGAGGTCACATCCTTACCCCACTTAGCAGAGTCCCCTGACTCCCACTCTCCACCCCAGACCCCTGAGCCAGGTTCAGCTGTAAAACCGAGGTGAAAACGGGGCCTCCCGGGTGGGATTAAATGCACAGGGACATTTGTGAAGGGAACATTCCAGGAAGTTTGTTGCTGCCGCGCTGTTGCTAAGAAAGGCGGGAAGAAAGCCAAAATACACACAAACGGCCGTTCTCCCTGTATTTTCGCCACGCTGTTTTCCTGCATGAAAAATATATAGCTTCTTTTTTTAACACCTTTAAAGAAAATACAANNNNNNNNNNNNNNNNNNNNNNNNNNNNNNNNNNNNNNNNNNNNNNNNNNNNNNNNNNNNNNNNNNNNNNNNNNNNNNNNNNNNNNNNNNNNNNNNNNNNNNNNNNNNCCACACGCAGCAGACCAGGAGCGGCGAGCAGCCCGGGCTTCCGCGCGCCGTCGCGGCAGTCCCCGGTCCTTCTCTAGGGCGCAGAGCACCGCTCAGCTCTGAGTCCCTCATGTGTCCGGCTGCCCGGCAGAATACTGTGCTGTGAGAATGGACCCTTCTTATTTGGGGAGCATTAAAAAGAGGAGACTTTTCACAAGGGTCAGAATCAGCTGGTCACCTTAACACGAACCACCGCAGAGCTGTCCATTTCTCAGGCAATGCAGTGACCCGACTCCTGAGGACTGCGGCCACAGGTCGAAGGAGGTGCTTTTGTGATAGTTGCTCAGACGTGGGAAAACCCAGGGCTGGGAGGCAGAGGTCCACCGAGCGTGGCCTGTGCGCTCGGCACTGCGTATGAAGAAGCACCTCCTACTGGCCCCAGCGATCTCCGTGGGGACGCCTTTTGTTCTGGAAAAGATCCTCCCCAGGTGTGGCCTTTCACCAGAC,ATACTGGGCTGGCTGTCACACCAACGCAGCCAGGGCCCAAGGCTGGCAGGGGCCAGGGGACAGCAAGGTCCACAGCCTCCAACGAGCATCACCTCCAAAAGGCCAAGAGGTCACATCCTTACCCCACTTAGCAGAGTCCCCTGACTCCCACTCTCCACCCCAGACCCCTGAGCCAGGTTCAGCTGTAAAACCGAGGTGAAAACGGGGCCTCCCGGGTGGGATTAAATGCACAGGGACATTTGTGAAGGGAACATTCCAGGAAGTTTGTTGCTGCCGCGCTGTTGCTAAGAAAGGCGGGAAGAAAGCCAAAATACACACAAACGGCCGTTCTCCCTGTATTTTCGCCACGCTGTTTTCCTGCATGAAAAATATATAGCTTCTTTTTTTAACACCTTTAAAGAAAATACAANNNNNNNNNNNNNNNNNNNNNNNNNNNNNNNNNNNNNNNNNNNNNNNNNNNNNNNNNNNNNNNNNNNNNNNNNNNNNNNNNNNNNNNNNNNNTNNNNNNNNNNNNNNNCCACACGCAGCAGACCAGGAGCGGCGAGCAGCCCGGGCTTCCGCGCGCCGTCGCGGCAGTCCCCGGTCCTTCTCTAGGGCGCAGAGCACCGCTCAGCTCTGAGTCCCTCATGTGTCCGGCTGCCCGGCAGAATACTGTGCTGTGAGAATGGACCCTTCTTATTTGGGGAGCATTAAAAAGAGGAGACTTTTCACAAGGGTCAGAATCAGCTGGTCACCTTAACACGAACCACCGCAGAGCTGTCCATTTCTCAGGCAATGCAGTGACCCGACTCCTGAGGACTGCGGCCACAGGTCGAAGGAGGTGCTTTTGTGATAGTTGCTCAGACGTGGGAAAACCCAGGGCTGGGAGGCAGAGGTCCACCGAGCGTGGCCTGTGCGCTCGGCACTGCGTATGAAGAAGCACCTCCTACTGGCCCCAGCGATCTCCGTGGGGACGCCTTTTGTTCTGGAAAAGATCCTCCCCAGGTGTGGCCTTTCACCAGAC
5,117815755,G,A,CCAAAAGGCCAAGAGGTCACATCCTTACCCCACTTAGCAGAGTCCCCTGACTCCCACTCTCCACCCCAGACCCCTGAGCCAGGTTCAGCTGTAAAACCGAGGTGAAAACGGGGCCTCCCGGGTGGGATTAAATGCACAGGGACATTTGTGAAGGGAACATTCCAGGAAGTTTGTTGCTGCCGCGCTGTTGCTAAGAAAGGCGGGAAGAAAGCCAAAATACACACAAACGGCCGTTCTCCCTGTATTTTCGCCACGCTGTTTTCCTGCATGAAAAATATATAGCTTCTTTTTTTAACACCTTTAAAGAAAATACAANNNNNNNNNNNNNNNNNNNNNNNNNNNNNNNNNNNNNNNNNNNNNNNNNNNNNNNNNNNNNNNNNNNNNNNNNNNNNNNNNNNNNNNNNNNNNNNNNNNNNNNNNNNNCCACACGCAGCAGACCAGGAGCGGCGAGCAGCCCGGGCTTCCGCGCGCCGTCGCGGCAGTCCCCGGTCCTTCTCTAGGGCGCAGAGCACCGCTCAGCTCTGAGTCCCTCATGTGTCCGGCTGCCCGGCAGAATACTGTGCTGTGAGAATGGACCCTTCTTATTTGGGGAGCATTAAAAAGAGGAGACTTTTCACAAGGGTCAGAATCAGCTGGTCACCTTAACACGAACCACCGCAGAGCTGTCCATTTCTCAGGCAATGCAGTGACCCGACTCCTGAGGACTGCGGCCACAGGTCGAAGGAGGTGCTTTTGTGATAGTTGCTCAGACGTGGGAAAACCCAGGGCTGGGAGGCAGAGGTCCACCGAGCGTGGCCTGTGCGCTCGGCACTGCGTATGAAGAAGCACCTCCTACTGGCCCCAGCGATCTCCGTGGGGACGCCTTTTGTTCTGGAAAAGATCCTCCCCAGGTGTGGCCTTTCACCAGACAAGCTCGGGGGCCGGTGAGCGGGGCCCAGGAGCGTCAGAGCTGCCGTCCCCACCAGGCCGGGTCCCTTATCTGTATCTGCCTGGCCGGGCAGGC,CCAAAAGGCCAAGAGGTCACATCCTTACCCCACTTAGCAGAGTCCCCTGACTCCCACTCTCCACCCCAGACCCCTGAGCCAGGTTCAGCTGTAAAACCGAGGTGAAAACGGGGCCTCCCGGGTGGGATTAAATGCACAGGGACATTTGTGAAGGGAACATTCCAGGAAGTTTGTTGCTGCCGCGCTGTTGCTAAGAAAGGCGGGAAGAAAGCCAAAATACACACAAACGGCCGTTCTCCCTGTATTTTCGCCACGCTGTTTTCCTGCATGAAAAATATATAGCTTCTTTTTTTAACACCTTTAAAGAAAATACAANNNNNNNNNNNNNNNNNNNNNNNNNNNNNNNNNNNNNNNNNNNNNNNNNNNNNNNNNNNNNNNNNNNNNNNNNNNNNNNNNNNNNNNNNNNNNNNNNNNNNNNNNNNNCCACACGCAGCAGACCAGGAGCGGCGAGCAGCCCGGGCTTCCGCGCGCCGTCGCGGCAGTCCCCGGTCCTTCTCTAGGACGCAGAGCACCGCTCAGCTCTGAGTCCCTCATGTGTCCGGCTGCCCGGCAGAATACTGTGCTGTGAGAATGGACCCTTCTTATTTGGGGAGCATTAAAAAGAGGAGACTTTTCACAAGGGTCAGAATCAGCTGGTCACCTTAACACGAACCACCGCAGAGCTGTCCATTTCTCAGGCAATGCAGTGACCCGACTCCTGAGGACTGCGGCCACAGGTCGAAGGAGGTGCTTTTGTGATAGTTGCTCAGACGTGGGAAAACCCAGGGCTGGGAGGCAGAGGTCCACCGAGCGTGGCCTGTGCGCTCGGCACTGCGTATGAAGAAGCACCTCCTACTGGCCCCAGCGATCTCCGTGGGGACGCCTTTTGTTCTGGAAAAGATCCTCCCCAGGTGTGGCCTTTCACCAGACAAGCTCGGGGGCCGGTGAGCGGGGCCCAGGAGCGTCAGAGCTGCCGTCCCCACCAGGCCGGGTCCCTTATCTGTATCTGCCTGGCCGGGCAGGC
5,117815787,T,C,CTTAGCAGAGTCCCCTGACTCCCACTCTCCACCCCAGACCCCTGAGCCAGGTTCAGCTGTAAAACCGAGGTGAAAACGGGGCCTCCCGGGTGGGATTAAATGCACAGGGACATTTGTGAAGGGAACATTCCAGGAAGTTTGTTGCTGCCGCGCTGTTGCTAAGAAAGGCGGGAAGAAAGCCAAAATACACACAAACGGCCGTTCTCCCTGTATTTTCGCCACGCTGTTTTCCTGCATGAAAAATATATAGCTTCTTTTTTTAACACCTTTAAAGAAAATACAANNNNNNNNNNNNNNNNNNNNNNNNNNNNNNNNNNNNNNNNNNNNNNNNNNNNNNNNNNNNNNNNNNNNNNNNNNNNNNNNNNNNNNNNNNNNNNNNNNNNNNNNNNNNCCACACGCAGCAGACCAGGAGCGGCGAGCAGCCCGGGCTTCCGCGCGCCGTCGCGGCAGTCCCCGGTCCTTCTCTAGGGCGCAGAGCACCGCTCAGCTCTGAGTCCCTCATGTGTCCGGCTGCCCGGCAGAATACTGTGCTGTGAGAATGGACCCTTCTTATTTGGGGAGCATTAAAAAGAGGAGACTTTTCACAAGGGTCAGAATCAGCTGGTCACCTTAACACGAACCACCGCAGAGCTGTCCATTTCTCAGGCAATGCAGTGACCCGACTCCTGAGGACTGCGGCCACAGGTCGAAGGAGGTGCTTTTGTGATAGTTGCTCAGACGTGGGAAAACCCAGGGCTGGGAGGCAGAGGTCCACCGAGCGTGGCCTGTGCGCTCGGCACTGCGTATGAAGAAGCACCTCCTACTGGCCCCAGCGATCTCCGTGGGGACGCCTTTTGTTCTGGAAAAGATCCTCCCCAGGTGTGGCCTTTCACCAGACAAGCTCGGGGGCCGGTGAGCGGGGCCCAGGAGCGTCAGAGCTGCCGTCCCCACCAGGCCGGGTCCCTTATCTGTATCTGCCTGGCCGGGCAGGCTCTCCGAGTTTTCTGGGAACCCAGGAGTTCAC,CTTAGCAGAGTCCCCTGACTCCCACTCTCCACCCCAGACCCCTGAGCCAGGTTCAGCTGTAAAACCGAGGTGAAAACGGGGCCTCCCGGGTGGGATTAAATGCACAGGGACATTTGTGAAGGGAACATTCCAGGAAGTTTGTTGCTGCCGCGCTGTTGCTAAGAAAGGCGGGAAGAAAGCCAAAATACACACAAACGGCCGTTCTCCCTGTATTTTCGCCACGCTGTTTTCCTGCATGAAAAATATATAGCTTCTTTTTTTAACACCTTTAAAGAAAATACAANNNNNNNNNNNNNNNNNNNNNNNNNNNNNNNNNNNNNNNNNNNNNNNNNNNNNNNNNNNNNNNNNNNNNNNNNNNNNNNNNNNNNNNNNNNNNNNNNNNNNNNNNNNNCCACACGCAGCAGACCAGGAGCGGCGAGCAGCCCGGGCTTCCGCGCGCCGTCGCGGCAGTCCCCGGTCCTTCTCTAGGGCGCAGAGCACCGCTCAGCTCTGAGTCCCTCACGTGTCCGGCTGCCCGGCAGAATACTGTGCTGTGAGAATGGACCCTTCTTATTTGGGGAGCATTAAAAAGAGGAGACTTTTCACAAGGGTCAGAATCAGCTGGTCACCTTAACACGAACCACCGCAGAGCTGTCCATTTCTCAGGCAATGCAGTGACCCGACTCCTGAGGACTGCGGCCACAGGTCGAAGGAGGTGCTTTTGTGATAGTTGCTCAGACGTGGGAAAACCCAGGGCTGGGAGGCAGAGGTCCACCGAGCGTGGCCTGTGCGCTCGGCACTGCGTATGAAGAAGCACCTCCTACTGGCCCCAGCGATCTCCGTGGGGACGCCTTTTGTTCTGGAAAAGATCCTCCCCAGGTGTGGCCTTTCACCAGACAAGCTCGGGGGCCGGTGAGCGGGGCCCAGGAGCGTCAGAGCTGCCGTCCCCACCAGGCCGGGTCCCTTATCTGTATCTGCCTGGCCGGGCAGGCTCTCCGAGTTTTCTGGGAACCCAGGAGTTCAC
5,117815818,G,A,CCCCAGACCCCTGAGCCAGGTTCAGCTGTAAAACCGAGGTGAAAACGGGGCCTCCCGGGTGGGATTAAATGCACAGGGACATTTGTGAAGGGAACATTCCAGGAAGTTTGTTGCTGCCGCGCTGTTGCTAAGAAAGGCGGGAAGAAAGCCAAAATACACACAAACGGCCGTTCTCCCTGTATTTTCGCCACGCTGTTTTCCTGCATGAAAAATATATAGCTTCTTTTTTTAACACCTTTAAAGAAAATACAANNNNNNNNNNNNNNNNNNNNNNNNNNNNNNNNNNNNNNNNNNNNNNNNNNNNNNNNNNNNNNNNNNNNNNNNNNNNNNNNNNNNNNNNNNNNNNNNNNNNNNNNNNNNCCACACGCAGCAGACCAGGAGCGGCGAGCAGCCCGGGCTTCCGCGCGCCGTCGCGGCAGTCCCCGGTCCTTCTCTAGGGCGCAGAGCACCGCTCAGCTCTGAGTCCCTCATGTGTCCGGCTGCCCGGCAGAATACTGTGCTGTGAGAATGGACCCTTCTTATTTGGGGAGCATTAAAAAGAGGAGACTTTTCACAAGGGTCAGAATCAGCTGGTCACCTTAACACGAACCACCGCAGAGCTGTCCATTTCTCAGGCAATGCAGTGACCCGACTCCTGAGGACTGCGGCCACAGGTCGAAGGAGGTGCTTTTGTGATAGTTGCTCAGACGTGGGAAAACCCAGGGCTGGGAGGCAGAGGTCCACCGAGCGTGGCCTGTGCGCTCGGCACTGCGTATGAAGAAGCACCTCCTACTGGCCCCAGCGATCTCCGTGGGGACGCCTTTTGTTCTGGAAAAGATCCTCCCCAGGTGTGGCCTTTCACCAGACAAGCTCGGGGGCCGGTGAGCGGGGCCCAGGAGCGTCAGAGCTGCCGTCCCCACCAGGCCGGGTCCCTTATCTGTATCTGCCTGGCCGGGCAGGCTCTCCGAGTTTTCTGGGAACCCAGGAGTTCACGCAGCTTTGCTCCAAGGGGGTCTCTTCTCCA,CCCCAGACCCCTGAGCCAGGTTCAGCTGTAAAACCGAGGTGAAAACGGGGCCTCCCGGGTGGGATTAAATGCACAGGGACATTTGTGAAGGGAACATTCCAGGAAGTTTGTTGCTGCCGCGCTGTTGCTAAGAAAGGCGGGAAGAAAGCCAAAATACACACAAACGGCCGTTCTCCCTGTATTTTCGCCACGCTGTTTTCCTGCATGAAAAATATATAGCTTCTTTTTTTAACACCTTTAAAGAAAATACAANNNNNNNNNNNNNNNNNNNNNNNNNNNNNNNNNNNNNNNNNNNNNNNNNNNNNNNNNNNNNNNNNNNNNNNNNNNNNNNNNNNNNNNNNNNNNNNNNNNNNNNNNNNNCCACACGCAGCAGACCAGGAGCGGCGAGCAGCCCGGGCTTCCGCGCGCCGTCGCGGCAGTCCCCGGTCCTTCTCTAGGGCGCAGAGCACCGCTCAGCTCTGAGTCCCTCATGTGTCCGGCTGCCCGGCAGAATACTGTGCTATGAGAATGGACCCTTCTTATTTGGGGAGCATTAAAAAGAGGAGACTTTTCACAAGGGTCAGAATCAGCTGGTCACCTTAACACGAACCACCGCAGAGCTGTCCATTTCTCAGGCAATGCAGTGACCCGACTCCTGAGGACTGCGGCCACAGGTCGAAGGAGGTGCTTTTGTGATAGTTGCTCAGACGTGGGAAAACCCAGGGCTGGGAGGCAGAGGTCCACCGAGCGTGGCCTGTGCGCTCGGCACTGCGTATGAAGAAGCACCTCCTACTGGCCCCAGCGATCTCCGTGGGGACGCCTTTTGTTCTGGAAAAGATCCTCCCCAGGTGTGGCCTTTCACCAGACAAGCTCGGGGGCCGGTGAGCGGGGCCCAGGAGCGTCAGAGCTGCCGTCCCCACCAGGCCGGGTCCCTTATCTGTATCTGCCTGGCCGGGCAGGCTCTCCGAGTTTTCTGGGAACCCAGGAGTTCACGCAGCTTTGCTCCAAGGGGGTCTCTTCTCCA
5,117816009,G,A,GCTGTTTTCCTGCATGAAAAATATATAGCTTCTTTTTTTAACACCTTTAAAGAAAATACAANNNNNNNNNNNNNNNNNNNNNNNNNNNNNNNNNNNNNNNNNNNNNNNNNNNNNNNNNNNNNNNNNNNNNNNNNNNNNNNNNNNNNNNNNNNNNNNNNNNNNNNNNNNNCCACACGCAGCAGACCAGGAGCGGCGAGCAGCCCGGGCTTCCGCGCGCCGTCGCGGCAGTCCCCGGTCCTTCTCTAGGGCGCAGAGCACCGCTCAGCTCTGAGTCCCTCATGTGTCCGGCTGCCCGGCAGAATACTGTGCTGTGAGAATGGACCCTTCTTATTTGGGGAGCATTAAAAAGAGGAGACTTTTCACAAGGGTCAGAATCAGCTGGTCACCTTAACACGAACCACCGCAGAGCTGTCCATTTCTCAGGCAATGCAGTGACCCGACTCCTGAGGACTGCGGCCACAGGTCGAAGGAGGTGCTTTTGTGATAGTTGCTCAGACGTGGGAAAACCCAGGGCTGGGAGGCAGAGGTCCACCGAGCGTGGCCTGTGCGCTCGGCACTGCGTATGAAGAAGCACCTCCTACTGGCCCCAGCGATCTCCGTGGGGACGCCTTTTGTTCTGGAAAAGATCCTCCCCAGGTGTGGCCTTTCACCAGACAAGCTCGGGGGCCGGTGAGCGGGGCCCAGGAGCGTCAGAGCTGCCGTCCCCACCAGGCCGGGTCCCTTATCTGTATCTGCCTGGCCGGGCAGGCTCTCCGAGTTTTCTGGGAACCCAGGAGTTCACGCAGCTTTGCTCCAAGGGGGTCTCTTCTCCAGTGACAGATGGAGGGCTCAAGGTCAGGGTTCTTTCCATTTACACAGTGCCTTCTTGGAACATTTACACATGTTCCTTCTTTTAGGGGCTCTGTGGACCAGAAGCTGCTCAACACGAAGGGGAGGCCCCTCAAGCGCCCCACGAGAAGTGCACGCCCTGAACCCCTGGAGTCTATGACTCTGACGTCGGCTG,GCTGTTTTCCTGCATGAAAAATATATAGCTTCTTTTTTTAACACCTTTAAAGAAAATACAANNNNNNNNNNNNNNNNNNNNNNNNNNNNNNNNNNNNNNNNNNNNNNNNNNNNNNNNNNNNNNNNNNNNNNNNNNNNNNNNNNNNNNNNNNNNNNNNNNNNNNNNNNNNCCACACGCAGCAGACCAGGAGCGGCGAGCAGCCCGGGCTTCCGCGCGCCGTCGCGGCAGTCCCCGGTCCTTCTCTAGGGCGCAGAGCACCGCTCAGCTCTGAGTCCCTCATGTGTCCGGCTGCCCGGCAGAATACTGTGCTGTGAGAATGGACCCTTCTTATTTGGGGAGCATTAAAAAGAGGAGACTTTTCACAAGGGTCAGAATCAGCTGGTCACCTTAACACGAACCACCGCAGAGCTGTCCATTTCTCAGGCAATGCAGTGACCCGACTCCTGAGGACTGCGGCCACAGGTCGAAGGAGGTGCTTTTGTGATAGTTGCTCAGACGTGGAAAAACCCAGGGCTGGGAGGCAGAGGTCCACCGAGCGTGGCCTGTGCGCTCGGCACTGCGTATGAAGAAGCACCTCCTACTGGCCCCAGCGATCTCCGTGGGGACGCCTTTTGTTCTGGAAAAGATCCTCCCCAGGTGTGGCCTTTCACCAGACAAGCTCGGGGGCCGGTGAGCGGGGCCCAGGAGCGTCAGAGCTGCCGTCCCCACCAGGCCGGGTCCCTTATCTGTATCTGCCTGGCCGGGCAGGCTCTCCGAGTTTTCTGGGAACCCAGGAGTTCACGCAGCTTTGCTCCAAGGGGGTCTCTTCTCCAGTGACAGATGGAGGGCTCAAGGTCAGGGTTCTTTCCATTTACACAGTGCCTTCTTGGAACATTTACACATGTTCCTTCTTTTAGGGGCTCTGTGGACCAGAAGCTGCTCAACACGAAGGGGAGGCCCCTCAAGCGCCCCACGAGAAGTGCACGCCCTGAACCCCTGGAGTCTATGACTCTGACGTCGGCTG
5,117816059,C,T,AGAAAATACAANNNNNNNNNNNNNNNNNNNNNNNNNNNNNNNNNNNNNNNNNNNNNNNNNNNNNNNNNNNNNNNNNNNNNNNNNNNNNNNNNNNNNNNNNNNNNNNNNNNNNNNNNNNNCCACACGCAGCAGACCAGGAGCGGCGAGCAGCCCGGGCTTCCGCGCGCCGTCGCGGCAGTCCCCGGTCCTTCTCTAGGGCGCAGAGCACCGCTCAGCTCTGAGTCCCTCATGTGTCCGGCTGCCCGGCAGAATACTGTGCTGTGAGAATGGACCCTTCTTATTTGGGGAGCATTAAAAAGAGGAGACTTTTCACAAGGGTCAGAATCAGCTGGTCACCTTAACACGAACCACCGCAGAGCTGTCCATTTCTCAGGCAATGCAGTGACCCGACTCCTGAGGACTGCGGCCACAGGTCGAAGGAGGTGCTTTTGTGATAGTTGCTCAGACGTGGGAAAACCCAGGGCTGGGAGGCAGAGGTCCACCGAGCGTGGCCTGTGCGCTCGGCACTGCGTATGAAGAAGCACCTCCTACTGGCCCCAGCGATCTCCGTGGGGACGCCTTTTGTTCTGGAAAAGATCCTCCCCAGGTGTGGCCTTTCACCAGACAAGCTCGGGGGCCGGTGAGCGGGGCCCAGGAGCGTCAGAGCTGCCGTCCCCACCAGGCCGGGTCCCTTATCTGTATCTGCCTGGCCGGGCAGGCTCTCCGAGTTTTCTGGGAACCCAGGAGTTCACGCAGCTTTGCTCCAAGGGGGTCTCTTCTCCAGTGACAGATGGAGGGCTCAAGGTCAGGGTTCTTTCCATTTACACAGTGCCTTCTTGGAACATTTACACATGTTCCTTCTTTTAGGGGCTCTGTGGACCAGAAGCTGCTCAACACGAAGGGGAGGCCCCTCAAGCGCCCCACGAGAAGTGCACGCCCTGAACCCCTGGAGTCTATGACTCTGACGTCGGCTGCTCCCAGCTGGACCAGAGCCGCAGAGGGGCCCTTGGAACGGTCCAGGAGA,AGAAAATACAANNNNNNNNNNNNNNNNNNNNNNNNNNNNNNNNNNNNNNNNNNNNNNNNNNNNNNNNNNNNNNNNNNNNNNNNNNNNNNNNNNNNNNNNNNNNNNNNNNNNNNNNNNNNCCACACGCAGCAGACCAGGAGCGGCGAGCAGCCCGGGCTTCCGCGCGCCGTCGCGGCAGTCCCCGGTCCTTCTCTAGGGCGCAGAGCACCGCTCAGCTCTGAGTCCCTCATGTGTCCGGCTGCCCGGCAGAATACTGTGCTGTGAGAATGGACCCTTCTTATTTGGGGAGCATTAAAAAGAGGAGACTTTTCACAAGGGTCAGAATCAGCTGGTCACCTTAACACGAACCACCGCAGAGCTGTCCATTTCTCAGGCAATGCAGTGACCCGACTCCTGAGGACTGCGGCCACAGGTCGAAGGAGGTGCTTTTGTGATAGTTGCTCAGACGTGGGAAAACCCAGGGCTGGGAGGCAGAGGTCCACCGAGCGTGGCCTGTGCGCTTGGCACTGCGTATGAAGAAGCACCTCCTACTGGCCCCAGCGATCTCCGTGGGGACGCCTTTTGTTCTGGAAAAGATCCTCCCCAGGTGTGGCCTTTCACCAGACAAGCTCGGGGGCCGGTGAGCGGGGCCCAGGAGCGTCAGAGCTGCCGTCCCCACCAGGCCGGGTCCCTTATCTGTATCTGCCTGGCCGGGCAGGCTCTCCGAGTTTTCTGGGAACCCAGGAGTTCACGCAGCTTTGCTCCAAGGGGGTCTCTTCTCCAGTGACAGATGGAGGGCTCAAGGTCAGGGTTCTTTCCATTTACACAGTGCCTTCTTGGAACATTTACACATGTTCCTTCTTTTAGGGGCTCTGTGGACCAGAAGCTGCTCAACACGAAGGGGAGGCCCCTCAAGCGCCCCACGAGAAGTGCACGCCCTGAACCCCTGGAGTCTATGACTCTGACGTCGGCTGCTCCCAGCTGGACCAGAGCCGCAGAGGGGCCCTTGGAACGGTCCAGGAGA
5,117816063,A,G,AATACAANNNNNNNNNNNNNNNNNNNNNNNNNNNNNNNNNNNNNNNNNNNNNNNNNNNNNNNNNNNNNNNNNNNNNNNNNNNNNNNNNNNNNNNNNNNNNNNNNNNNNNNNNNNNCCACACGCAGCAGACCAGGAGCGGCGAGCAGCCCGGGCTTCCGCGCGCCGTCGCGGCAGTCCCCGGTCCTTCTCTAGGGCGCAGAGCACCGCTCAGCTCTGAGTCCCTCATGTGTCCGGCTGCCCGGCAGAATACTGTGCTGTGAGAATGGACCCTTCTTATTTGGGGAGCATTAAAAAGAGGAGACTTTTCACAAGGGTCAGAATCAGCTGGTCACCTTAACACGAACCACCGCAGAGCTGTCCATTTCTCAGGCAATGCAGTGACCCGACTCCTGAGGACTGCGGCCACAGGTCGAAGGAGGTGCTTTTGTGATAGTTGCTCAGACGTGGGAAAACCCAGGGCTGGGAGGCAGAGGTCCACCGAGCGTGGCCTGTGCGCTCGGCACTGCGTATGAAGAAGCACCTCCTACTGGCCCCAGCGATCTCCGTGGGGACGCCTTTTGTTCTGGAAAAGATCCTCCCCAGGTGTGGCCTTTCACCAGACAAGCTCGGGGGCCGGTGAGCGGGGCCCAGGAGCGTCAGAGCTGCCGTCCCCACCAGGCCGGGTCCCTTATCTGTATCTGCCTGGCCGGGCAGGCTCTCCGAGTTTTCTGGGAACCCAGGAGTTCACGCAGCTTTGCTCCAAGGGGGTCTCTTCTCCAGTGACAGATGGAGGGCTCAAGGTCAGGGTTCTTTCCATTTACACAGTGCCTTCTTGGAACATTTACACATGTTCCTTCTTTTAGGGGCTCTGTGGACCAGAAGCTGCTCAACACGAAGGGGAGGCCCCTCAAGCGCCCCACGAGAAGTGCACGCCCTGAACCCCTGGAGTCTATGACTCTGACGTCGGCTGCTCCCAGCTGGACCAGAGCCGCAGAGGGGCCCTTGGAACGGTCCAGGAGAGAAA,AATACAANNNNNNNNNNNNNNNNNNNNNNNNNNNNNNNNNNNNNNNNNNNNNNNNNNNNNNNNNNNNNNNNNNNNNNNNNNNNNNNNNNNNNNNNNNNNNNNNNNNNNNNNNNNNCCACACGCAGCAGACCAGGAGCGGCGAGCAGCCCGGGCTTCCGCGCGCCGTCGCGGCAGTCCCCGGTCCTTCTCTAGGGCGCAGAGCACCGCTCAGCTCTGAGTCCCTCATGTGTCCGGCTGCCCGGCAGAATACTGTGCTGTGAGAATGGACCCTTCTTATTTGGGGAGCATTAAAAAGAGGAGACTTTTCACAAGGGTCAGAATCAGCTGGTCACCTTAACACGAACCACCGCAGAGCTGTCCATTTCTCAGGCAATGCAGTGACCCGACTCCTGAGGACTGCGGCCACAGGTCGAAGGAGGTGCTTTTGTGATAGTTGCTCAGACGTGGGAAAACCCAGGGCTGGGAGGCAGAGGTCCACCGAGCGTGGCCTGTGCGCTCGGCGCTGCGTATGAAGAAGCACCTCCTACTGGCCCCAGCGATCTCCGTGGGGACGCCTTTTGTTCTGGAAAAGATCCTCCCCAGGTGTGGCCTTTCACCAGACAAGCTCGGGGGCCGGTGAGCGGGGCCCAGGAGCGTCAGAGCTGCCGTCCCCACCAGGCCGGGTCCCTTATCTGTATCTGCCTGGCCGGGCAGGCTCTCCGAGTTTTCTGGGAACCCAGGAGTTCACGCAGCTTTGCTCCAAGGGGGTCTCTTCTCCAGTGACAGATGGAGGGCTCAAGGTCAGGGTTCTTTCCATTTACACAGTGCCTTCTTGGAACATTTACACATGTTCCTTCTTTTAGGGGCTCTGTGGACCAGAAGCTGCTCAACACGAAGGGGAGGCCCCTCAAGCGCCCCACGAGAAGTGCACGCCCTGAACCCCTGGAGTCTATGACTCTGACGTCGGCTGCTCCCAGCTGGACCAGAGCCGCAGAGGGGCCCTTGGAACGGTCCAGGAGAGAAA
