Enzyme	Recognition Sequence	Recognition Sequence Size	Cut Position
AscI	GGCGCGCC	8	2
AsiSI	GCGATCGC	8	5
FseI	GGCCGGCC	8	6
NotI	GCGGCCGC	8	2
PacI	TTAATTAA	8	5
PmeI	GTTTAAAC	8	4
PspXI	ACTCGAGC	8	2
PspXI	GCTCGAGT	8	6
PspXI	ACTCGAGG	8	2
PspXI	CCTCGAGT	8	6
PspXI	ACTCGAGT	8	2
PspXI	CCTCGAGC	8	2
PspXI	GCTCGAGG	8	6
PspXI	CCTCGAGG	8	2
PspXI	GCTCGAGC	8	2
SbfI	CCTGCAGG	8	6
SgrAI	CACCGGCG	8	2
SgrAI	CGCCGGTG	8	6
SgrAI	CACCGGTG	8	2
SgrAI	CGCCGGCG	8	2
SrfI	GCCCGGGC	8	4
SwaI	ATTTAAAT	8	4
BlpI	GCTGAGC	7	2
BlpI	GCTCAGC	7	5
BlpI	GCTAAGC	7	2
BlpI	GCTTAGC	7	5
BstEII	GGTGACC	7	1
BstEII	GGTCACC	7	6
BstEII	GGTAACC	7	1
BstEII	GGTTACC	7	6
Bsu36I	CCTGAGG	7	2
Bsu36I	CCTCAGG	7	5
Bsu36I	CCTAAGG	7	2
Bsu36I	CCTTAGG	7	5
EcoO109I	AGGGCCC	7	2
EcoO109I	GGGCCCT	7	5
EcoO109I	AGGGCCT	7	2
EcoO109I	AGGCCCT	7	5
EcoO109I	AGGACCC	7	2
EcoO109I	GGGTCCT	7	5
EcoO109I	AGGACCT	7	2
EcoO109I	AGGTCCT	7	5
EcoO109I	AGGTCCC	7	2
EcoO109I	GGGACCT	7	5
EcoO109I	AGGCCCC	7	2
EcoO109I	GGGGCCT	7	5
EcoO109I	GGGGCCC	7	2
EcoO109I	GGGCCCC	7	5
EcoO109I	GGGACCC	7	2
EcoO109I	GGGTCCC	7	5
RsrII	CGGACCG	7	2
RsrII	CGGTCCG	7	5
SexAI	ACCAGGT	7	1
SexAI	ACCTGGT	7	6
AatII	GACGTC	6	5
Acc65I	GGTACC	6	1
AccI	GTAGAC	6	2
AccI	GTCTAC	6	4
AccI	GTATAC	6	2
AccI	GTCGAC	6	2
AclI	AACGTT	6	2
AfeI	AGCGCT	6	3
AflII	CTTAAG	6	1
AflIII	ACACGT	6	1
AflIII	ACGTGT	6	5
AflIII	ACATGT	6	1
AflIII	ACGCGT	6	1
AgeI	ACCGGT	6	1
ApaI	GGGCCC	6	5
ApaLI	GTGCAC	6	1
ApoI	AAATTC	6	1
ApoI	GAATTT	6	5
ApoI	AAATTT	6	1
ApoI	GAATTC	6	1
AseI	ATTAAT	6	2
AvaI	CCCGAG	6	1
AvaI	CTCGGG	6	5
AvaI	CCCGGG	6	1
AvaI	CTCGAG	6	1
AvrII	CCTAGG	6	1
BaeGI	GGGCAC	6	5
BaeGI	GTGCCC	6	1
BamHI	GGATCC	6	1
BanI	GGCACC	6	1
BanI	GGTGCC	6	5
BanI	GGCGCC	6	1
BanII	GAGCCC	6	5
BanII	GGGCTC	6	1
BanII	GAGCTC	6	5
BclI	TGATCA	6	1
BglII	AGATCT	6	1
BmtI	GCTAGC	6	5
BsaAI	CACGTA	6	3
BsaAI	TACGTG	6	3
BsaAI	CACGTG	6	3
BsaAI	TACGTA	6	3
BsaHI	GACGCC	6	2
BsaHI	GGCGTC	6	4
BsaJI	CCGGGG	6	1
BsaJI	CCCCGG	6	5
BsaJI	CCGAGG	6	1
BsaJI	CCTCGG	6	5
BsaJI	CCGTGG	6	1
BsaJI	CCACGG	6	5
BsaJI	CCGCGG	6	1
BsaJI	CCAGGG	6	1
BsaJI	CCCTGG	6	5
BsaJI	CCAAGG	6	1
BsaJI	CCTTGG	6	5
BsaJI	CCATGG	6	1
BsaJI	CCTGGG	6	1
BsaJI	CCCAGG	6	5
BsaWI	ACCGGA	6	1
BsaWI	TCCGGT	6	5
BsaWI	TCCGGA	6	1
BsiEI	CGACCG	6	4
BsiEI	CGGTCG	6	2
BsiEI	CGATCG	6	4
BsiEI	CGGCCG	6	4
BsiHKAI	GAGCAC	6	5
BsiHKAI	GTGCTC	6	1
BsiWI	CGTACG	6	1
BspDI	ATCGAT	6	2
BspHI	TCATGA	6	1
BsrFI	ACCGGC	6	1
BsrFI	GCCGGT	6	5
BsrFI	GCCGGC	6	1
BsrGI	TGTACA	6	1
BssHII	GCGCGC	6	1
BstBI	TTCGAA	6	2
BstYI	AGATCC	6	1
BstYI	GGATCT	6	5
Cac8I	GCGGGC	6	3
Cac8I	GCCCGC	6	3
Cac8I	GCGAGC	6	3
Cac8I	GCTCGC	6	3
Cac8I	GCGTGC	6	3
Cac8I	GCACGC	6	3
Cac8I	GCAGGC	6	3
Cac8I	GCCTGC	6	3
Cac8I	GCAAGC	6	3
Cac8I	GCTTGC	6	3
Cac8I	GCATGC	6	3
Cac8I	GCTGGC	6	3
Cac8I	GCCAGC	6	3
DraI	TTTAAA	6	3
EaeI	CGGCCA	6	1
EaeI	TGGCCG	6	5
EaeI	TGGCCA	6	1
EcoRV	GATATC	6	3
FspI	TGCGCA	6	3
HaeII	AGCGCC	6	5
HaeII	GGCGCT	6	1
HincII	GTCAAC	6	3
HincII	GTTGAC	6	3
HincII	GTTAAC	6	3
HindIII	AAGCTT	6	1
Hpy166II	GTGGAC	6	3
Hpy166II	GTCCAC	6	3
Hpy166II	GTGAAC	6	3
Hpy166II	GTTCAC	6	3
Hpy166II	GTGTAC	6	3
Hpy166II	GTACAC	6	3
Hpy166II	GTAAAC	6	3
Hpy166II	GTTTAC	6	3
Hpy188III	TCGGGA	6	2
Hpy188III	TCCCGA	6	4
Hpy188III	TCGAGA	6	2
Hpy188III	TCTCGA	6	4
Hpy188III	TCGTGA	6	2
Hpy188III	TCACGA	6	4
Hpy188III	TCGCGA	6	2
Hpy188III	TCAGGA	6	2
Hpy188III	TCCTGA	6	4
Hpy188III	TCAAGA	6	2
Hpy188III	TCTTGA	6	4
Hpy188III	TCTGGA	6	2
Hpy188III	TCCAGA	6	4
Hpy188III	TCTAGA	6	2
MfeI	CAATTG	6	1
MspA1I	CAGCGG	6	3
MspA1I	CCGCTG	6	3
MspA1I	CAGCTG	6	3
NdeI	CATATG	6	2
NlaIV	GGGGCC	6	3
NlaIV	GGCCCC	6	3
NlaIV	GGGACC	6	3
NlaIV	GGTCCC	6	3
NlaIV	GGGTCC	6	3
NlaIV	GGACCC	6	3
NlaIV	GGAGCC	6	3
NlaIV	GGCTCC	6	3
NlaIV	GGAACC	6	3
NlaIV	GGTTCC	6	3
NsiI	ATGCAT	6	5
NspI	ACATGC	6	5
NspI	GCATGT	6	1
PsiI	TTATAA	6	3
PstI	CTGCAG	6	5
ScaI	AGTACT	6	3
SfcI	CTACAG	6	1
SfcI	CTGTAG	6	5
SfcI	CTATAG	6	1
SmlI	CTCAAG	6	1
SmlI	CTTGAG	6	5
SpeI	ACTAGT	6	1
SspI	AATATT	6	3
StuI	AGGCCT	6	3
ApeKI	GCAGC	5	1
ApeKI	GCTGC	5	4
AvaII	GGACC	5	1
AvaII	GGTCC	5	4
BstNI	CCAGG	5	2
BstNI	CCTGG	5	3
DdeI	CTGAG	5	1
DdeI	CTCAG	5	4
DdeI	CTAAG	5	1
DdeI	CTTAG	5	4
Fnu4HI	GCGGC	5	2
Fnu4HI	GCCGC	5	3
HinfI	GAGTC	5	1
HinfI	GACTC	5	4
HinfI	GAATC	5	1
HinfI	GATTC	5	4
Hpy188I	TCGGA	5	3
Hpy188I	TCCGA	5	2
Hpy188I	TCAGA	5	3
Hpy188I	TCTGA	5	2
Hpy99I	CGACG	5	5
Hpy99I	CGTCG	5	0
HpyCH4III	ACGGT	5	3
HpyCH4III	ACCGT	5	2
HpyCH4III	ACAGT	5	3
HpyCH4III	ACTGT	5	2
NciI	CCCGG	5	2
NciI	CCGGG	5	3
Sau96I	GGGCC	5	1
Sau96I	GGCCC	5	4
Tsp45I	GTCAC	5	0
Tsp45I	GTGAC	5	5
AluI	AGCT	4	2
BfaI	CTAG	4	1
BstUI	CGCG	4	2
CviKI-1	AGCC	4	2
CviKI-1	GGCT	4	2
CviKI-1	GGCC	4	2
CviQI	GTAC	4	1
DpnI	GATC	4	2
FatI	CATG	4	0
HhaI	GCGC	4	3
HpyCH4IV	ACGT	4	1
HpyCH4V	TGCA	4	2
MluCI	AATT	4	0
MseI	TTAA	4	1
MspI HpaII	CCGG	4	1
TaqI	TCGA	4	1
