Chromosome ,Position  ,Enzyme   ,Left Primer               ,Right Primer            ,Amplicon Size ,Amplicon Sequence 1                                                                                                                                                                                                                                                           ,Amplicon Sequence 2                                                                                                                                                                                                                                                           ,Cuts in Amplicon 1 ,Cuts in Amplicon 2 ,Positions in Amplicon 1 ,Positions in Amplicon 2 ,Fragment Sizes Amplicon 1 ,Fragment Sizes Amplicon 2 ,Unique Cuts
         5 ,117814995 ,DpnI     ,TCCTCTGCACATTCACACCC      ,AACGCAGGCATGTGAAAACC    ,          115 ,TCCTCTGCACATTCACACCCTAAAAAGACCACCTGACCATCTGGCCTGTGCTCAGCAAAAAACTGCCTCAGTGTTTCAGCCATTGAGATCACGCAGGTTTTCACATGCCTGCGTT                                                                                                                                                           ,TCCTCTGCACATTCACACCCTAAAAAGACCACCTGACCATCTGGCCTGTGCTCAGCAAAAAACTGCCTCAGTGTTTCAGCCATTGAGAACACGCAGGTTTTCACATGCCTGCGTT                                                                                                                                                           ,                 1 ,                 0 ,87                      ,                        ,87;28                     ,115                       ,"Position: 87, Amplicon 1 Cut: GATC, Other Amplicon Sequence: GAAC"
         5 ,117814995 ,DpnII    ,TCCTCTGCACATTCACACCC      ,AACGCAGGCATGTGAAAACC    ,          115 ,TCCTCTGCACATTCACACCCTAAAAAGACCACCTGACCATCTGGCCTGTGCTCAGCAAAAAACTGCCTCAGTGTTTCAGCCATTGAGATCACGCAGGTTTTCACATGCCTGCGTT                                                                                                                                                           ,TCCTCTGCACATTCACACCCTAAAAAGACCACCTGACCATCTGGCCTGTGCTCAGCAAAAAACTGCCTCAGTGTTTCAGCCATTGAGAACACGCAGGTTTTCACATGCCTGCGTT                                                                                                                                                           ,                 1 ,                 0 ,87                      ,                        ,87;28                     ,115                       ,"Position: 87, Amplicon 1 Cut: GATC, Other Amplicon Sequence: GAAC"
         1 , 42922466 ,HpyCH4V  ,AGAGAGGTAAGGAAAGACAAACTGA ,TCTCAGAGCAATATTTCCCATGA ,          269 ,AGAGAGGTAAGGAAAGACAAACTGAAGTTAAAGAACATCATGGAAANNNNNNNNNNNNNNNNNNNNNNNNNNNNNNNNNNNNNNNNNNNNNNNNNNNNNNNNNNNNNNNNNNNNNNNNNNNNNNNNNNNNNNNNNNNNNNNNNNNNNNNNNNNNNNNNNNNNNNNNNNNNNNNNNNNNNNNNNNNNNNNNNNNNNNNNNNNNNNNNNNNNNNNNNNNNNNNNNNNNNNNNNTAAANNNNNNNNAAATCATGGGAAATATTGCTCTGAGA ,AGAGAGGTAAGGAAAGACAAACTGAAGTTAAAGAACATCATGCAAANNNNNNNNNNNNNNNNNNNNNNNNNNNNNNNNNNNNNNNNNNNNNNNNNNNNNNNNNNNNNNNNNNNNNNNNNNNNNNNNNNNNNNNNNNNNNNNNNNNNNNNNNNNNNNNNNNNNNNNNNNNNNNNNNNNNNNNNNNNNNNNNNNNNNNNNNNNNNNNNNNNNNNNNNNNNNNNNNNNNNNNNNTAAANNNNNNNNAAATCATGGGAAATATTGCTCTGAGA ,                 0 ,                 1 ,                        ,41                      ,269                       ,41;228                    ,"Position: 41, Amplicon 2 Cut: TGCA, Other Amplicon Sequence: TGGA"
         1 , 42955840 ,BglII    ,GCTGATACTGGCACCCTGAA      ,AAAGCACGACAAGGTGAACA    ,          100 ,GCTGATACTGGCACCCTGAATTTCTTGCCCAGGTGTCCATCTTTCCTTCACAGAGATCTCTGTAATCATCTTTACATTAATGTTCACCTTGTCGTGCTTT                                                                                                                                                                          ,GCTGATACTGGCACCCTGAATTTCTTGCCCAGGTGTCCATCTTTCCTTCACAGAGACCTCTGTAATCATCTTTACATTAATGTTCACCTTGTCGTGCTTT                                                                                                                                                                          ,                 1 ,                 0 ,54                      ,                        ,54;46                     ,100                       ,"Position: 54, Amplicon 1 Cut: AGATCT, Other Amplicon Sequence: AGACCT"
         1 , 42955840 ,BsaI     ,GCTGATACTGGCACCCTGAA      ,AAAGCACGACAAGGTGAACA    ,          100 ,GCTGATACTGGCACCCTGAATTTCTTGCCCAGGTGTCCATCTTTCCTTCACAGAGATCTCTGTAATCATCTTTACATTAATGTTCACCTTGTCGTGCTTT                                                                                                                                                                          ,GCTGATACTGGCACCCTGAATTTCTTGCCCAGGTGTCCATCTTTCCTTCACAGAGACCTCTGTAATCATCTTTACATTAATGTTCACCTTGTCGTGCTTT                                                                                                                                                                          ,                 0 ,                 1 ,                        ,53                      ,100                       ,53;47                     ,"Position: 53, Amplicon 2 Cut: GAGACC, Other Amplicon Sequence: GAGATC"
         1 , 42955840 ,BsmAI    ,GCTGATACTGGCACCCTGAA      ,AAAGCACGACAAGGTGAACA    ,          100 ,GCTGATACTGGCACCCTGAATTTCTTGCCCAGGTGTCCATCTTTCCTTCACAGAGATCTCTGTAATCATCTTTACATTAATGTTCACCTTGTCGTGCTTT                                                                                                                                                                          ,GCTGATACTGGCACCCTGAATTTCTTGCCCAGGTGTCCATCTTTCCTTCACAGAGACCTCTGTAATCATCTTTACATTAATGTTCACCTTGTCGTGCTTT                                                                                                                                                                          ,                 0 ,                 1 ,                        ,53                      ,100                       ,53;47                     ,"Position: 53, Amplicon 2 Cut: GAGAC, Other Amplicon Sequence: GAGAT"
         1 , 42955840 ,Nt.BsmAI ,GCTGATACTGGCACCCTGAA      ,AAAGCACGACAAGGTGAACA    ,          100 ,GCTGATACTGGCACCCTGAATTTCTTGCCCAGGTGTCCATCTTTCCTTCACAGAGATCTCTGTAATCATCTTTACATTAATGTTCACCTTGTCGTGCTTT                                                                                                                                                                          ,GCTGATACTGGCACCCTGAATTTCTTGCCCAGGTGTCCATCTTTCCTTCACAGAGACCTCTGTAATCATCTTTACATTAATGTTCACCTTGTCGTGCTTT                                                                                                                                                                          ,                 0 ,                 1 ,                        ,53                      ,100                       ,53;47                     ,"Position: 53, Amplicon 2 Cut: GAGAC, Other Amplicon Sequence: GAGAT"
         1 , 42955840 ,DpnI     ,GCTGATACTGGCACCCTGAA      ,AAAGCACGACAAGGTGAACA    ,          100 ,GCTGATACTGGCACCCTGAATTTCTTGCCCAGGTGTCCATCTTTCCTTCACAGAGATCTCTGTAATCATCTTTACATTAATGTTCACCTTGTCGTGCTTT                                                                                                                                                                          ,GCTGATACTGGCACCCTGAATTTCTTGCCCAGGTGTCCATCTTTCCTTCACAGAGACCTCTGTAATCATCTTTACATTAATGTTCACCTTGTCGTGCTTT                                                                                                                                                                          ,                 1 ,                 0 ,55                      ,                        ,55;45                     ,100                       ,"Position: 55, Amplicon 1 Cut: GATC, Other Amplicon Sequence: GACC"
         1 , 42955840 ,DpnII    ,GCTGATACTGGCACCCTGAA      ,AAAGCACGACAAGGTGAACA    ,          100 ,GCTGATACTGGCACCCTGAATTTCTTGCCCAGGTGTCCATCTTTCCTTCACAGAGATCTCTGTAATCATCTTTACATTAATGTTCACCTTGTCGTGCTTT                                                                                                                                                                          ,GCTGATACTGGCACCCTGAATTTCTTGCCCAGGTGTCCATCTTTCCTTCACAGAGACCTCTGTAATCATCTTTACATTAATGTTCACCTTGTCGTGCTTT                                                                                                                                                                          ,                 1 ,                 0 ,55                      ,                        ,55;45                     ,100                       ,"Position: 55, Amplicon 1 Cut: GATC, Other Amplicon Sequence: GACC"
         1 , 42977781 ,BseYI    ,GTGCTGCCCCTCATTAGCTA      ,TCATAGATGCCACGCTTCCA    ,          208 ,GTGCTGCCCCTCATTAGCTAAGGTTATAATCTGGGTNNNNNNNNNNNNNNNNNNNNNNNNNNNNNNNNNNNNNNNNNNNNNNNNNNNNNNNNNNNNNNNNNNNNNNNNNNNNNNNNNNNNNNNNNNNNNNNNNNNTATTATAGAGCTTAACTGGAGGAAAGNNNNNNNGGAATGATGAAGCAAATAATTGGAAGCGTGGCATCTATGA                                                              ,GTGCTGCCCCTCATTAGCTAAGGTTATAAGCTGGGTNNNNNNNNNNNNNNNNNNNNNNNNNNNNNNNNNNNNNNNNNNNNNNNNNNNNNNNNNNNNNNNNNNNNNNNNNNNNNNNNNNNNNNNNNNNNNNNNNNNTATTATAGAGCTTAACTGGAGGAAAGNNNNNNNGGAATGATGAAGCAAATAATTGGAAGCGTGGCATCTATGA                                                              ,                 0 ,                 1 ,                        ,30                      ,208                       ,30;178                    ,"Position: 30, Amplicon 2 Cut: GCTGGG, Other Amplicon Sequence: TCTGGG"
         1 , 42977781 ,AluI     ,GTGCTGCCCCTCATTAGCTA      ,TCATAGATGCCACGCTTCCA    ,          208 ,GTGCTGCCCCTCATTAGCTAAGGTTATAATCTGGGTNNNNNNNNNNNNNNNNNNNNNNNNNNNNNNNNNNNNNNNNNNNNNNNNNNNNNNNNNNNNNNNNNNNNNNNNNNNNNNNNNNNNNNNNNNNNNNNNNNNTATTATAGAGCTTAACTGGAGGAAAGNNNNNNNGGAATGATGAAGCAAATAATTGGAAGCGTGGCATCTATGA                                                              ,GTGCTGCCCCTCATTAGCTAAGGTTATAAGCTGGGTNNNNNNNNNNNNNNNNNNNNNNNNNNNNNNNNNNNNNNNNNNNNNNNNNNNNNNNNNNNNNNNNNNNNNNNNNNNNNNNNNNNNNNNNNNNNNNNNNNNTATTATAGAGCTTAACTGGAGGAAAGNNNNNNNGGAATGATGAAGCAAATAATTGGAAGCGTGGCATCTATGA                                                              ,                 2 ,                 3 ,16;144                  ,16;29;144               ,16;128;64                 ,16;13;115;64              ,"Position: 29, Amplicon 2 Cut: AGCT, Other Amplicon Sequence: ATCT"
         1 , 43176061 ,BtsCI    ,TGTGACCAGGCTAACACCAC      ,ACAAGCACGGTGGTGATGAT    ,          191 ,TGTGACCAGGCTAACACCACCTACTATTACTCACTTTCACAAGGTAGAATTGACAGAGAGTGTAACCACTACTGGAAAAATAATTTTCAAAATGGGTATCGTAGGACCAATCCATATACTCCCTCTCATCAGTAACTCCACATGTCCAGCTCTTTCTCCCTCTCTAACTCCATCATCACCACCGTGCTTGT                                                                               ,TGTGACCAGGCTAACACCACCTACTATTACTCACTTTCACAAGGTAGAATTGACAGAGAGTGTAACCACTACTGGAAAAATAATTTTCAAAATGGGTATCGTAGGACCCATCCATATACTCCCTCTCATCAGTAACTCCACATGTCCAGCTCTTTCTCCCTCTCTAACTCCATCATCACCACCGTGCTTGT                                                                               ,                 0 ,                 1 ,                        ,109                     ,191                       ,109;82                    ,"Position: 109, Amplicon 2 Cut: CATCC, Other Amplicon Sequence: AATCC"
         1 , 43176061 ,FokI     ,TGTGACCAGGCTAACACCAC      ,ACAAGCACGGTGGTGATGAT    ,          191 ,TGTGACCAGGCTAACACCACCTACTATTACTCACTTTCACAAGGTAGAATTGACAGAGAGTGTAACCACTACTGGAAAAATAATTTTCAAAATGGGTATCGTAGGACCAATCCATATACTCCCTCTCATCAGTAACTCCACATGTCCAGCTCTTTCTCCCTCTCTAACTCCATCATCACCACCGTGCTTGT                                                                               ,TGTGACCAGGCTAACACCACCTACTATTACTCACTTTCACAAGGTAGAATTGACAGAGAGTGTAACCACTACTGGAAAAATAATTTTCAAAATGGGTATCGTAGGACCCATCCATATACTCCCTCTCATCAGTAACTCCACATGTCCAGCTCTTTCTCCCTCTCTAACTCCATCATCACCACCGTGCTTGT                                                                               ,                 0 ,                 1 ,                        ,109                     ,191                       ,109;82                    ,"Position: 109, Amplicon 2 Cut: CATCC, Other Amplicon Sequence: AATCC"
